ground_truth,prediction,cer
हाये\,हाये\,0.0
श्रीदुर्गासहाय\,श्रीदुर्गासहाय.\,0.0666666701436042
तयदुनाथपंडितअर्ज्यालपानिहालन्याश्रीजनरलभीमसेनथापासाधलाउन्यासधियारमोदनाथअर्ज्यालमेघनाथपाडेव्राह्मणटोलकोअमितसिंडगोल,तपठुनापंडित‌अर्ज्यालपानिहालन्याश्रीजनरलभीमसिन्नधायासाधलाउन्यासधियारमोहनापञ्यालसेचनाथयाडेज्राहाराटोलकोआमिजासिंडगोला,0.2300885021686554
मकोवक्साजायेकेगुलाम‌अपनेहक्‌मतलव्‌कोपहुचेआगेगुलामषा,मकोवक्साजायेकेगुलाम‌अपनेहक्‌मतलव्‌कोपहुचेआगेगुलामषा,0.0
भयाकाछन्भनि.ठोपिप्रेन्सिप्‌साहव.तेश्राकौसलिले.हाफिजअहमदकवि,भयाकाछन्भनि. ठोपिप्रेन्सिप्‌साहव.तेश्राकौसलिले. हाफिजअहमदकवि,0.0344827584922313
मिमागया.आर्यावलोकितेश्वरलेआज्ञाभयावमोजीम्.ताहावसीरह्याकोघोडाजो.वालाहनाम.अश्वराजलाई,मिमागया.आर्यावलोकितेश्वरलेआज्ञाभयावमोजीम्.ताहावसीरह्याकोद्योडाजो.वालाहनाम.अश्वराजलाई,0.0365853644907474
ले.पानिथुनीदियो.उसवषत्.त्योमंजुपत्तनसहरवासीभया.सांकाश्यानगरवासीभया.विशालनगर,ले.पानिथुनीदियो.उस् वषत.त्योमंजुपत्तनसहरवासीभया.सांकाश्यानगरवासीभया.विशालनगर,0.0399999991059303
गोपालानांक्रमेणराज्यभोगंप्रसास॥ ॥श्रीपशुपतिनाथकोअघिकोलिंगाकारदेवालयभत्‌कीछोपीरहदा.द्वा,गोपालानांक्रमेणराज्यभोगंप्रसास॥ ॥श्रीपशुपतिनाथकोअघिकोलिगाकारदेवालयभत्‌कीछोपीरहदा.द्वा,0.0116279069334268
२४,२४,0.0
नं.१७८,नं.१८,0.1666666716337204
धन्यतेरापुरुषार्थजस्तोमैलेभन्या.तस्तैजंत्राकारले.वौद्धमन्दिरतयारगरीइहाआईस्.अवते,धन्यतेरापुरूषार्थजस्तोमैलेभन्या.तस्तैजंत्राकारले.वौद्धमन्दिरतयारगरीइहाआईस्.अवते,0.0126582281664013
आगेमहाकालीपूर्वमेचीपश्चिमभरपाहाडजगाजगाकाईजारादारतहसील्‌दार,ओगमहाकालीपूर्वमेचीपश्तिमभयाहाउजगाजगाकाईजागदारतहसील्‌दार,0.1379310339689254
गुरूः,गुरूः,0.0
७वर्ष४२,७वर्ष४२,0.0
ज्यादापर्नालेसर्दारहरुगरीवभयातर.अरुप्रजाहरुमिहीनत्,ज्यादापर्नालेसर्दारहरुगरीवभयातर.अरुप्रजाहरुमिहीनत,0.0199999995529651
ङ्गीकाजचल्‌दाभारादारकासाथरहिनगराचलाउनुभन्यामोहरगरिवक्स्यौंआ,ङ्गीकाजचल्‌दाभारादारकासाथरहिनगराचलाउनुभन्न्यामोहरगरिवक्स्यौंआ,0.0338983051478862
हवचिनगय़ापछिउन्काअसवावलिलामहुदालिलाम्‌घर्मादेष्याथ्याँ.पैल्हे,हवनिनगय़ापछिउन्काअसवावलिलामहुदालिलाम्‌घर्मादेष्याथ्या.पैल्हे,0.0327868834137916
स्वस्तिश्रीमन्मेधावद्गुरूपशिक्षितनिर्मलसुमंत्रणकर्मचातुरीप्रवर्द्धितनिजक्षोणीना,स्वस्तिश्रीमन्मेकालड्धरूपशिक्षितनिर्मलसुमंत्रणकर्मचातुरीप्रवर्द्धितनिजक्षोरानि,0.101265825331211
पनि.आफ्नुचिन्ह.तिस् जग्गामा.केहीराषी.तिस् जग्गाकानाम.विक्रमशीलविहारभनिनामराषि.ता,पनि.आफ्नुचिह्र.तिस् जग्गामा.केहीराषी.तिस् जग्गाकानाम.विक्रमशीलविहारभनिनामराषि.ता,0.025000000372529
रहन्यालोकहरूलाई.सुवृष्टिगराउनुपर्छभनि.यस् क्षेत्रमाजत्तिद्रव्यछ.तिसवैतम्रैषुसिभयोभनिवुझा,रहन्यालोकहरूलाई.सुव्ठिगराउनुपर्छभनि.यस् क्षेत्रमाजन्तिद्रव्यछ.तिसवैतम्‌सिभयोभनिठुझा,0.1022727265954017
श्रीदुर्गाजीसहाय\,श्रीदुर्गाजीसहाय\,0.0
म्‌चरणारविन्दकाकुशलतालेहाम्रोप्रतिपालभैआयाकोछउप्रान्त,म्‌चरणारविन्दकाकुशलतालेहाम्रोप्रतिपालभैआयाकोछ.उप्रान्त,0.0188679248094558
सायाकोहो.मपनिजलशयनवुढानीलकण्ठकाशरणमाजाउंभनिगै.विन्तिगर्दाभयार.श्रीभगवा,सायाकोहो.मपनिजलशयनवुढानीलकण्ठकाशरणमाजाउंभनिगै.विन्तिगर्दाभयार.श्रीभगवा,0.0
नंचलप्स्यसि॥योगिनांतथ्यमेवेति.वचःकृत्वागृहंययौ॥ ६ ॥संमंत्रासहभूपोसौ.वुद्धिक्षेमेनमंत्रिणा॥अभिषेकं,नंचलप्यसि॥योगिनांतथ्यमेवेति.वचकृत्वागृहंययौ॥६ ॥संमंत्रासहभूमोसौ.वुद्धिक्षेमेनमंत्रिण॥अभिषेक,0.0721649453043937
पानि,पनि,0.25
घड्यारिस्मेत्विर्त्तागरिवक्स्याकोमोहरताम्वापत्रगरिवक्स्यौं.पाटनकाअंवलमध्येमनोहरा.म,घड्यारिस्मेत्‌विर्त्तागरिवक्स्याकोमोहरताम्वापत्रगरिवक्स्यौं.पाटनकाअंवलमध्येमनोहराम,0.0243902429938316
२ पालराजालाईजिती.नेपालमाराजाभया.राजाहरू,२ पालराजालाईजिती.नेपालमाराजाभया.राजाहरू,0.0
छन् भनि.साछिलेवकाउदा.कामधेनुले.मुखवाटभन्याहोभनिदिया.पुछारवाटभन्या.होइन२भनिसंकेतवता,छन् भनिसाछिलेवकाउदा.कामधेनुले.पुखवाटभन्याहोमनिदिया.पुद्धारवाटभन्या.होईन २भनिसकेतवता,0.1097560971975326
आगे १ लाईसम्वत्१८६३सालमितिकार्तिकशुदि१२रोज७कादिन २ कावाहुलिवाटचतुरमासाकापुरा,आगे १ लाईसम्वत्१८६३सालमितिकार्तिकशुदि१२रोज७कादिन २ कावाहुलिवाटचतरमासाकापरा,0.0263157896697521
की।,की।,0.0
माकस्तोठहर्छभनिरुक्काकोमसौदापठाइवक्सनुभयाकोचाहिंमाभन्यादोहरोउर्दीदि,माकस्तोठहछभनिरुक्काकोमसौदापठाइवक्सनुभयाकोचाहिंमाभन्यादोहरोउर्दीदि,0.0298507455736398
स्वस्तिश्रीगिरिराजचक्रचुडामणिनरनारायणेत्यादिविविधविरुदाव,स्वस्तिश्रीगिरिराजचवडाडारनारायणेत्यादिविविधावरुदाव,0.1964285671710968
मिदम्.ईतनिकतांहांचरणछेमकुसलभय़ाहाम्रोउद्धारप्रतिपा,मिदम्.ईतनिकतांहांचरणछेमकुसलभय़ाहाम्रोउद्धारप्रतिपा,0.0
अर्जि,अर्जि,0.0
स्वस्तिश्रीगिरिराजचक्रचूडामणिनरनारायणेत्यादिविविधविरूदावलीविराज,स्वस्तिश्रीगिरिराजचक्रचूडामणिनरनारायणेत्यादिविविधविरुदावलीविराज,0.0158730167895555
वोधिसत्वलेआफ्नाअंशराषीगयाकोहो.तसर्थलोकलाईआनन्ददिनामामूललोकेश्वरैहुन्.भनिय,वोधिसत्वलेआफ्नाअंशराषीगयाकोहो.तसर्थ.लोकलाईआनन्ददिनामामूललोकेश्वरैहुन्.भनिय,0.0136986300349235
अतिलोभले.इन्द्रकाधनपाउनइछागरि.१२वर्षसम्मवाग्मतीकातीरमावसी.पंचाग्नितापस,अतिलोभले.इन्द्रकाधनपाउनइछागरि.१२वर्षसम्मवाग्मतीकातीरमावसी.पंचाग्नितापस,0.0
र्थजात्रागर्ननिमित्त.नेपालआईपुक्‌दा.क्रमैसिततीर्थस्नानगरी.श्रीस्वयंभूश्रीगुह्येश्वरीकादर्शनगरी,र्थजात्रागर्ननिमित्त.नेपालआईपुक्दा.क्रमैसिततीर्थस्नानगरी.श्रीस्वयंभूश्रीगुह्येश्वरीकादर्शनगरी,0.010638297535479
सव्‌वडाधूमधाम्‌सगमटकलप्‌साहेवलाईदिन्याकामगर्‍या.गोघाराकोत,सव्‌वडाधूमधाम्‌सगमटकलप्‌साहेवलाईदिन्याकामगर्‍या.गोघाराकोत,0.0
माथीपुगीताहावसी.आफुसंगआयाकालोकहरूकन.ज्योतीरूपस्वयंभूर.गुह्येश्वरीकामाहात्म्यवताई,माथीपुगीताहावसी.आफुसंगआयाकालोकहरूकन.ज्योतीरूपस्वयंभूर.गुह्येश्वरीकामाहात्म्यवताई,0.0
औ.चैत्यविंवस्थापनागर्न्यालेभया.औ.श्रद्धाहुन्यालेभयाअहोरात्रव्रतगर्छं,औ.चैत्यविंवश्थाघनागर्न्यालेभया.अौ.अद्धादन्त्यःकेभया अद्रोराजंनगर्छ,0.3529411852359772
हेछ:ईन्‌लाईक्याजवापदिन्याहोजोआग्यासोसहि.:ईक्याडवल,हेछ:ईन्‌लाईक्याजवापदिन्याहोजोआग्गासोसहि.ईक्माउवल,0.0816326513886451
गर्नुभन्यादोहराडाँकुकालिन्‌दिन्‌कावेव़राकारुक्काकोकुराअघितँलाइपनीलेषिग,गर्नुभन्न्यादोहराडाँकुकालिन्‌दिन्‌कावेव़राकारुक्काकोकुराअघितैलाइपनीलेषिग्‌,0.0714285746216774
पाई.रात्रीकाविषये.धेरैकपराफिजि.नित्यनित्य.निचोरिपानीलीईठूपारि१२वर्षलाईकन.तेहीवौद्धमं,पाई.रात्रीकाविषये.धेरैकपराफिजि.नित्यनित्य.निचोरिपानीलीइट्टपारि१२वर्षलाईकन.तेहीवौद्धम,0.0595238097012043
मा.सार्थवाहसुतीरहदा.उस्काघरजाई.वत्तीवालीराष्याकावत्तीमापसी.आर्यावलोकितेश्वरले.आफ्नासरूपदेषाई.आज्ञाग,मा.सार्थवाहसुतीरहदा.उस्काघरजाई.वत्तीवानीराष्याकावत्तीमापसी.आर्यावलोकितेश्वरले.आफ्नासरूपदेषाईआज्ञाग,0.0202020201832056
श्री५सर्कार,श्री५सर्कार,0.0
पालामा.टेपुर.फराँसीस्‌अंगरेजहरुलेजित्याइनैकापाला,पालामा.टेपुर.फरासीस्‌अंगरेजहरुलेजित्याइनैकापाला,0.020833333954215
सेबहोतपर्वर्शकाउम्मैदवारहै।जोकारखिजममेरे,सेबहोतपर्वर्शकाउम्मैदवारहै।जोकारखिजममेरे,0.0
जेन्द्रविक्रमसाहवहादुरसमसेरजङ्गदेवानांसदासमरविजयिनाम्‌,जेत्रविक्रमसाहवहादुसमसेरजङ्गदेवानांसदासमरविजषिनाम्,0.1111111119389534
श्रीदुर्गाज्यू,श्रीदुर्गाज्यू,0.0
२७,२७,0.0
हिसुदि३रोज३कादिंन‌आइपुग्योहरफ्‌हरफ्‌पढिअर्थविस्तारसिरचर्‍हाञाउप्रान्तःहा,हिसुदि३रोज३कादिनआइपुग्योहरफहरफ्‌पढिअथविस्तारसिरचह्राञाउप्रान्त:हा,0.1388888955116272
उप्रान्त,उप्रान्त,0.0
वुरुग्‌साहेवलेसपुर्दगर्‍याभन्न्यासुनिय़ोथ्यो.सोअषवारलेप,वुरुग्‌साहेवलेसपुर्दगर्‍याभन्न्यासुनियोथ्यो.सोअषवारलेप,0.0181818176060915
फेरीनयावन्यो॥ ॥इंन्काभाइदोश्राजम्स्॥ ॥इन्कापाला,फरीनयावन्यो॥ ॥इन्काभाइदोश्राजम्स्॥ ॥इन्कापाला,0.0425531901419162
र्न्याहोतापनी.आफ्नाज्यूताभरमहन्त्याञीचलाउनुअरुचेलानतुल्याउ,र्न्याहोतापनी.आफ्‌नाज्यूताभरमहन्त्याञीचलाउनुअरुचेलानतुल्याउ,0.0172413792461156
सवैलेआचर्यमान्याऐतिकोदौलथदियारछोरिलाई.नाल्‌किमाचह्र,सवैलेआचर्यनान्याऐतिकोदौलथदियारछोरिलाई.नालकिमाचहु,0.0980392172932624
श्री५माहिलावडामहारनी,श्रीदपाहिलावडामदारानी,0.2000000029802322
उप्रान्त.सल्ल्यानकादसैकोप्रसादअघिचर्‍हाईपठाय़ाकोपु,उप्रान्त.सल्ल्यानकादसैकोप्रसादअघिचर्‍हाईपठाय़ाकोपु,0.0
ल्‌छ.भन्न्याकुरासुनाय़ा.भन्न्यासुनिय़ो.दिनन्‌.ञाँहाँकाव,ल्‌छ.भन्न्याकुरासुनाय़ा.भन्न्यासुनिय़ो.दिनन्‌.ञाँहाँकाव,0.0
हरूलाइपनिदसलिम्वुसुवाकासरहमा.नगराकमाईजंङ्गिकाजचल्दाभारदार.का,हरूलाइपनिदसलिपुसुवाकासरहमा.नगराकमाईजङ्गिकाजचल्दाभारादारका,0.1000000014901161
पी.ली.श्रीस्वयंभूज्योतीरूपलाईचढाईपर्वतकनभविष्यकुरावताई.तेरोनामआजदेषिन् फुल्लोच्चप,दी.ली.श्रीस्वयंभूज्योतीरूपलाईचढाईपर्वतकनभविष्यकुरावताई.तेरोनामआजदेषिन् फुल्चप,0.0617283955216407
ग्यहुन्यारहेछर.प्रसादचर्‍हाईपठाउनढिलहुनगयाकोहो,ग्यहुन्यारहेछर.प्रसादचर्‍हाईपठाउनढिलहुनगयाकोहो,0.0
मनगरवाटक्रकुछंदनामवुद्धप्राप्तभै.श्रीस्वयंभूज्योतीरूपकार.गुह्येश्वरीकादर्शनगरी.योषादलउत्तर,मनगरवाटक्रकुछंदनामवुद्धप्राप्तभै.श्रीस्वयंभूज्योतीरूपकार.गुह्येश्वरीकादर्शनगरी.पोषादलउत्तर,0.0111111113801598
५कादिन.कलकत्ताकौसल्‌मा.सामेलभया.सिपहसालारजर्नै,५कादिन.कलकत्ताकौसल्‌मा.सामेलभय़ा.सिपहसालारजर्नै,0.0217391308397054
६ जितेदास्तिराजालेकुरुक्षेत्रमा.पाण्डवहरूकायुद्धहु,६ जितेदास्तिराजालेकुरुक्षेत्रमा.पाण्डवहरूकायुद्धहु,0.0
न्यालिनुगाह्रैछभंन्न्यास्माचारछभन्या.रणजीतसिंकाश्मेरमाचढ्दा.कावेलकोपनिघरसचि,न्यालिनुगाह्रैछभंन्न्यास्माचारछभन्या.रणजीतसिंकाश्मेरमाचढ्दा.कावेलकोपनिघरसचि,0.0
स्‌थिया.तरअभागीहुनालेआफ्नाछोराहरुसितल,स्‌थिया.तरअभागीहुनालेआफ्नाछोराहरुसितल,0.0
चलाइ.रामदासलाइकरोवारितुल्याइमहन्तमोहन्‌दास्‌ले.चर्चीआय़ा,चलाइ.रामदासलाइकारोवारितुल्याइमहन्तमोहन्‌दास्‌ले.वचीआय़ा,0.0714285746216774
वसीरह्याकोथियो.इन्‌कागाईदुददुहनदिनैनथीन्.एकलैगै.वाग्मतीकोतीरमाजाईदुग्धधारागर्थिन्.नित्यते,वसीरह्याकोथियो.इन्‌कागाईउदुहनदिनैनथीन्.एकलैगै.वाग्मतीकोतीरमाजाईदुग्धधारागर्थिन्.नित्यते,0.0337078645825386
यिनाम्,यिनाम्,0.0
निदेष्यौंगोराकोपल्‌‌टन्‌‌जम्‌‌न्या.तोपको,निदेष्यौंगोराकोपल्‌टन्‌जम्‌न्या.तोपको,0.0750000029802322
पाषोजगाषेतरोपनी१५गुठीराषिवक्स्याकोमोहरतांम्वांपत्रगरिवक्स्यौं.योजगाआवादगुलजारगरिफुलवारीवनाइनि,पाषोजगाषेतरोपनी१५गुटिराषिवक्स्याकोमोहरातोम्रगरिपागरिवक्स्यौं.योजगाआवादगुलजारगरीफुलचारीवनाइनि,0.1505376398563385
म्याराजाकोवनाय़ाथीउ:उहीपापलेउहीधारहाम्राकपाल.मापर्‍यो:,म्याराजाकोवनाय़ाथीउ.उहीपापलेउहीधारहाम्राकपाल्‌.मापयो,0.1296296268701553
ष्टांगदँडवत्‌कोटिकोटिसेव़ासेव़ासेव़ापूर्वकपत्रमिदम्‌चरणकाआसिर्वादलेञाहाँनीक,ट्टगँगर्दँडवत्‌कोटिकोटिसेव़ासेव़ायूर्वकपत्रमिदस्‌चरणकाआसिर्वादलेञाहाँनीक,0.1599999964237213
ष्याका धनम ध्ये ४खण्डमा१खण्ड.आफ्नावासतौदहमाराषी.वाकीसवै.नदीउत्पत्तिगरीनदी,ष्याकाधनम ४्ये ४खण्डमा१खण्ड.आफ्नावासतौदहमाराषी.वाकीसवै.नदीउत्पत्तिगरीनदी,0.0273972600698471
उप्रान्त.य़स्‌पालाकावडादसैं.वहुतैवढियाभयो.सदाका.मामु,उप्रान्त.य़स्‌पालाकावडादसैं.वहुतैवढियाभयो.सदाका.मामु,0.0
नरभय़ाको१७फएरतोपको सलामिकिल्लावाट भय़ो.मेगनाटन्‌ साहवसिकृट,नरभय़ाको१७ फूइरनोपकोसलामिकिल्लावाटभय़ो.येगनाउन्‌साहवसिकृट,0.1551724076271057
कुसूरमाफ़होवे।सं१९०२जेष्टवदी१३रोज२,कुसूरमाफ़होवे।सं१९०२जेष्टवदी१३रोज२,0.0
आगे.जिल्लैचैनपूरकाअम्वलमध्ये.मैव़ापिलुव़ा.षोलाकोसुवा.दलकर्न.सुवायुनन्द,आगे.जिल्लैचैनपूरकाअम्वलमध्ये.मैव़ाषिलुवा.षोलाकोसुवा.दलकर्न.सुवायुनन्द,0.0285714287310838
फिरंगीलाइदिगादिमावस्याछन्‌ मुन्नाय्यान्‌भंन्यागादिमावस्तारा,फिरंगीलाइदिगादिमावस्याछन्‌ मुन्नाय्यान्‌भंन्यागादिमावस्तारा,0.0
धर्मानन्दषनालधंजुजैसीषनाल्‌पुण्यसिलजैसिषनाल्‌हरिजैसिषनाल्‌रामनरसिंमाहान्याभिमनारान्‌मा,धर्मानन्दषनालधंजुजेसीपनालपुण्यसिलजैसिषनाल्‌हीरैजैसिषनाल्‌रामनरसिमाहान्याभिमनारानमा,0.1046511605381965
कुर्णेस्.कुर्णेस्.कुर्णेस्,कुर्णेस्.कुर्णेस्.कुर्णेस्,0.0
गरिष्ठराजभारासामर्थश्री३लेफटैनभव़ा,गरिष्टराजभारासामर्थश्मी३लेफ्‌टैनभव़ा,0.1176470592617988
ल्‌छ.भन्न्याकुरासुनाया.भन्न्यासुनियो.दिनन्‌.ञाँहाँकाव,ल्‌छ.भन्न्याकुरासुनाय़ा.भन्न्यासुनिय़ो.दिनन्‌.ञाँहाँकाव,0.0377358496189117
श्रीपशुपतीज्यू,श्रीपशुपतीज्यू,0.0
मद्वहादूर्साहदेवेषुसदासमरविजयिषु. पूर्वक,मद्धहादूर्साहदेवेषुसदासमरविजयिषु,0.2249999940395355
नाकारजीडन्‌ट.जर्नैलअष्‌तर्लोनीसाहव.मोकाम्‌.मेरट्‌मा,नाकारजीडन्‌ट.जर्नैलअष्‌तर्लोनीसाहव.मोकाम्‌.मेरट्‌मा,0.0
उथापाज्यूःकाचरनतलश्रीसुव्वाजये़न्तषत्रिकस्यसलाम:सतम्‌पू,उप्यापाज्यू:काचरनतलश्रीसुघाजयन्तषत्रिकस्यसलाम्‌:सतस्‌पू,0.2181818187236786
लोकेश्वरले.विचारगरी.अढाईपठायेर.षुसिभै.आफैआफ.प्रत्यक्षभैदर्शनदी.उद्धारगरी.तहीविराजमानभै,लोकेश्वरले.विचारगरी.अढाईपठायेरषुसिभै.आफैआफ.प्रत्यक्षभैदर्शनदी.उक्दारगरी.तहीविराजमानभ,0.0465116277337074
रीलाईदर्वारभित्रराषदाभया.ताहापछि २/४ दिनभयापछि १ रात.त्योराक्षीले.राजकुलमारहन्या.सवैलाईदेहदी,रीलाईदर्वारभित्रराषदाभया.ताहापछि२।४दिनभयापछि१रात.त्योराक्षीले.राजकुलमारहन्या.सवैलाईदेहदी,0.0543478243052959
काचरणकामेहेर्लेहुन्याछआ,काचरणकामेहेर्लेहुन्याछआ,0.0
अमीन्‌लाइअभिन्तरवुझ्नभनिलाञाथ्याँउन्‌लेकुराकाप्रसंगमासोधपुछ,अमीन्‌लाइ अभिन्तरवुझ्नभनिलाञाथ्याँ उन्‌लेकुराकाप्रसंगमासोधपुछ,0.0338983051478862
ल्लत्‌र.राजगीकोषेताव.येतावाटगै.वनारस्मा.अगस्त्यस्‌,ल्लत्‌र.राजगीकोषेताव.ये़तावाटगै.वनारस्मा.अगस्त्यस्‌,0.0199999995529651
रोज४समत१९०४ शुभः,रोज४समत१९०४शुभः,0.0625
लेषि.अर्काहुलाक्‌माचह्राईपठाउन्याकाम्‌गरुला.औ.सुवेदारजसिवंतकँव,लेषि.अर्काहुलाक्‌माचर्‍हाईपठाउन्याकाम्‌गरुला.औ.सुवेदारजसिवंतकँव,0.0483870953321456
रमाक्याकुराविंतिगरीपठायाभन्या.जरूरीमुद्दाको.अंगरेजी,इमाक्याकराविंतिगरीपठायाभन्या.जरूरीमुद्दाको.श्रंगरेजी,0.0980392172932624
तपगरिरह्याकोथिया.तेस्तावेलामा.तिदानासुरदैत्यलेपानिथुनिदियोर.फेरतलाउभैग,तपगरिरह्याकोथिया.तेस्तावेलामा.तिदानासुरदैत्यलेपानिथुनिदियोर.फेरतलाउभैग,0.0
रनुहव़स्.हामिलाईआसिरवादवक्सदैरहनुहव़स्.योविर्तावक्सदासंकल्पवाक्यपह्र्न्यायदुनाथपुरोहित.पा,रनुहवस्‌.हामिलाई.आसिरवादवक्सदैरहनुहवस्‌योविर्तावक्सदासंकल्पवाक्यपूर्यदुनाथपुरोहिकपा,0.1460674107074737
हजुरमोतारिफहोताहैउपाध्याजिनेभिउसिमोताविक्‌चरणका,हजुरमोतारिफहोताहैउपाध्याजिनेभिउसिमोताविक्‌चरणका,0.0
लाकाहातवाटवंगालाजीत्यापात्रोवनाउन्याहिक्‌मत्‌इनै,लाकाहातवाटवंगालाजील्यापात्रोवनाउन्याहिक्‌मत्‌इनै,0.020833333954215
पहिलाव़लीयम्‌काछोरीकाछोरा.इष्ट्युन्‌ले.जवर्दस्तिसँग,पहिलाव़लीयम्‌काछोरीकाछोरा.इष्युन्‌ले.जवर्दस्तिसँग,0.039215687662363
वाकिछदाभनि.भंछन्॥ ॥परंतु.इनिविष्णुर.व्रह्मा.दुव़ैले.शिवजीका.ज्योतीको.अंतपायेनर.इनिदुव़ै,वाकिछदाभनि.मंछन्॥ ॥परंतु.इनिविष्णुर.व्रह्मा.दुवैले.शिवजीका.ज्योतीको.अंतपायेनर.इनिदुव़ै,0.0229885056614875
ष्‌न्यामानिस्‌हरूर.सुन्दरीप्रसादैजस्तोरहेछभन्छन्.मेराचित्तमापनि.सुन्दरिप्रसा,ष्‌न्यामानिस्‌हरूर.सुन्दरीप्रसादैजस्तोरहेछभन्छन्.मेराचित्तमापनि.सुन्दरिप्रसा,0.0
फिर्‍यापछि.वाटमाभेटनँगरी.ये़तैआय़ीहुगलीका१०।८कोस,फिर्यापछि.वाटमाभेटनँगरी.ये़तैआय़ीहुगलीका१०।८कोस,0.020833333954215
शीशालाइगर्मीगराउछन्.कपडाभन्यापश्मीनैलाउछन्,शीशालाइगर्मीगराउछन्.कपडाभन्यापश्मीनैलाउछन्,0.0
तिगर्‍याँ.सर्अप्सर्माफमेहेरचाहिन्छशुभम्,तिगर्याँ.सर्अप्सर्मोक्‌कोमेहेरचाहिन्छशुभम्‌,0.2051282078027725
३४,३४,0.0
छोपीवस्यार.थुम्‌कोसिद्धभैगयोर.जंवूकदोभनिनाउभयो॥ ॥३९इन्कापुत्रपटुकराजा,छोपीवस्यार.थुम्‌कोसिद्धभैगयोर.जंकूकदोभनिनाउभयो॥ ॥३९इन्कापुत्रपदुकराजा,0.0289855077862739
आफ्नादर्वारमास्थापनागरी.अग्रमाचैत्यप्रतिष्ठागरी.अहोरात्रव्रतगरी.आफ्नुपरियारसवैउद्धारभैगया.तस् दिनदे,आफ्नादर्वारमास्थापनागरी.अग्रमाचैत्यष्ठागरी.अहोरात्रव्रतगरी.आफुपरियारसवैउद्धारभैगया.तस्‌दिनदे,0.0808080807328224
पायासुन्याकोषैषवरविंतिगरिपठायाकोचिठिलेमालुम्‌‌हुदोहो.ञाँहाँ,पायासुन्याकोषैषवरविंतिगरिपठायाकोचिठिलेमालुम्‌‌हुदोहो.ञाँहाँ,0.0
जादर्सन्‌सिंकोमाम्‌मलापनिविग्रन्या.अरुअरुमिरउमराव़हरुलाइप,जादर्सन्‌सिंकीमाम्‌लापनिविग्रन्या.अरूअरुमिरउमराव़हरूलाइ५,0.0877192988991737
ऊनुऔविराव़माफिककाषतमादंडसासनागर्नुजियनमासनु.भ,ऊनुऔविराव़माफिककायतमाडंडसासनागर्नुजियनमासनु.भ,0.0444444455206394
श्रीदुर्ग्गा\,श्रीदुर्ग्गा\,0.0
इत्तिलोहकेअरज़रषताहूँ।औरअरज़रषताहूँ,इत्तिलाहकेअरज़रषताहूँ।औरअरज़रषताहूं,0.0571428574621677
ताहाँपाव़कुसल‌आनन्दमंगलचरणारधीरहुनुभयाहाम्रोसववातकोप्रतिपाल‌उद्धार,ताहाँयाव़कुसलआनच्दमंगलचरणरधीरहनुभयाहाम्रोसववातकोप्रतिपालउद्धार,0.0909090936183929
हरूलेपनिपाउन्याहौंभनितिमिहरूलेहाम्राहजुरमाविन्तिपार्दाजाहेरभयो.अवप्रान्ततिमि,हरूलेपनिपाउन्याहौँभवितिमिहरूलेहाम्राहजुरमाविन्तिपार्दाजाहेरभयो.अवप्रान्ततिमि,0.0263157896697521
गणेश.मणिमहाकाल.मनोहरा.एतिप्रत्यक्ष.प्रसिद्धनामभैगयाकाहुन्.यस्तोउत्तमजग्गामा.वश्न,गणेश.मणिमहाकाल.मनोहरा.एतिप्रत्यक्ष.प्रसिद्धनामभैगयाकाहुन.यस्तोउत्तमजग्गामा.वस्,0.0375000014901161
विस्तारउनैकाअर्जिवाटजाहेरहोला.मलाईलेष्याकाचिठिकोनकलपनिचर्‍हाइपठायाको,विस्तारउनैकाअर्जिवाटजाहेरहोला.मलाईलेष्याकाचिठिकोनकलपनिचर्‍हाइपठायाको,0.0
रिफ्‌गर्छन्‌नैपाल्‌जान्छौंभन्यारहामिले,र्‌क्‌गर्छनैपाल्‌जान्छौंभन्यारहाकिले,0.1842105239629745
डोधर्म्मात्माथियो १ दिन् ५ सयवनीयासाथली.उत्तरापंथमासिंहलद्वीपमावेपारगर्नगयोर.वाटमा १ सुन् का,डोधर्म्मात्माथियो १ दिन् ५ सयवनीयासाथली.उत्तरापंथमासिहलद्वीपमावेपारगर्नगयोर.वाटमा १ सुन् का,0.0108695654198527
पुरानाप्रजाप्रानीकोय़ोजहजातहुदा:जाउरवीन्तीगरीसरनपरी:,पुरानाय्रजाप्रानीकोय़ोजदजातहुदा:जाउरवीन्तीगरीसरनपरी:,0.0384615398943424
लाइछोड्छुभन्दा.इन्‌लेयोषवर.आँफ्नाशहर्मापठाया,लाइछोडछुभन्दा.इन्‌लेयोषवर.आफ्नाशहर्मागठाया,0.0681818202137947
जाहै।सोसर्कारमेपहोँचताहै।सं१८९३द्वि.आषाढवदी१०,जाहैसोसर्कारमेपहोँचतांहै।सं१८९३दि०आषाढव्‌दी२,0.2000000029802322
हरतशरीफनलेजायँगेऔरइनदिनौँमैख़र्चवगैरनिहायतदि,हरतशरीफनलेजायंगेऔरइनदिनौंमैखर्चवगेरनिहायतदि,0.0909090936183929
दुषहुनजाँछतस्‌अर्थचारवर्णछत्तिसैजात्‌माडाँकारचोरिकाकुरामासावीत्,दुषहुनजाँछतस्‌अर्थचारवर्णछत्तिसैजात्‌माडाँकारचोरिकाकुरामासावीत्,0.0
लाकिल्लाभित्रपसिफयेरवोलेछभरतपुरलेपनिफयेरवोलि,लाकिल्लाभित्रपसिफयेरवोलेछभरतपुरलेपनिफयेरवोलि,0.0
तीवाँदछुटी.पानीसवमोगलानातर्फगयोधेरैषर्चलगाईपक्कावादगराउनलाई.दुनीञाँहरुको,तीवाँदुटी.पानीसवमोगलानातर्फगयोधेरैषर्चलगाईपक्कावादगराउनलाई.दुनीञाँहरूको,0.0277777779847383
आयाथा।सोहज़ूरकेचरणोमेअरज़कियाग,आयाथा।सोहजूरकेचरणोमेअरज़कियाग,0.0333333350718021
छावनीमेँनजानेपावेँअगरजातेदेखोफौरनउनकोगिरफ्तारकरोज,मेँनजानेपावेँअगरजातेदेखोफौरन‌उनकोगिरस्तारकरोज,0.1428571492433548
नं,३,1.0
समर्थभै.मालाछाडीगयोर.एकाठाउमाएकजनापुरूषले.सुईकारासराषी.१/१सुईली.सुईले.केरीरूषढालनु,समर्थभै.मालाछाडीगयोर.एकाठाउमाएकजनापुरूषले.सुईकारासराषी११सुईली.सुईले.केरीरुषढालनु,0.0365853644907474
ताहापछि.प्रजादुनियाहरूसवैमिलि.त्योसिंहलसार्थवाहलाईराजाथाप्या.तस्पछि.केहीकालसम्मरजाईगरीस,ताहापछि.प्रजादुनियाहरूसवैमिलि.त्योसिंहलसार्थवाहलाईराजाथाप्या.तस् पछि.केहीकालसम्मरजाईगरीस,0.0114942528307437
२५,२५,0.0
मचित्‌पुरशुभम्,मनिन्‌पुर्‌शुभम्,0.2857142984867096
शत्३२लक्षणयुक्तनरवलिंधारोपरिदद्यात्‌धारावन्धनप्रकाशोजायते॥राजाइतिवाक्यश्रुतं॥,शत्३२लक्षणयुक्तनरवलिधारोपरिदयात्‌धारावन्धनप्रकाशोजायते॥राजाइतिवाक्यश्रतं॥,0.0519480518996715
उपाध्यायस्यशुभाशीर्वादपूर्वकंपत्रंकृपालेञाहाआनन्दछताँहाँकोआनन्दमंगलसर्वदाचाहियेआ,उपाध्यापस्यशुभाएर्वादपूर्वकंपत्रकृपालेञाहाआनन्दछुताँहाँकोआनन्दमंगलसर्वदाचाहिपोआ,0.0874999985098838
पनिसल्लाहदिञौ.ईन्‌लाईनैपाल्‌पुग्न्या,पनिसल्लाहदिऔ:ईन्‌लाईनैपाल्‌पुग्न्या,0.0833333358168602
गरीबपर्वरमेरे।सबबइसकायेहै।बन्दाअपनेछोटेभा,गरीबपर्वरमेरे।सबबइसकायेहै।बन्दाअपनेछोटेमा,0.0243902429938316
गौर्नरसाहवकानाम्‌मा.पठाय़ाकोरहेछ.दाषीलहुँदा.वदरी,गौर्नरसाहवकानाम्‌मा.पठायाकोरहेछ.दाषीलहुँदा.वदरी,0.020833333954215
व़रमार्फत्‌पठाञाँथ्युं.ढेरञहांपनिनहुदा.थोरैगयो.काजिरेव़न्तकव़रलाइपनिरात,व़रमार्फत्‌पठाञाँथ्युं.ढेरञहांपनिनहुदा.थोरैगयो.काजिरेव़न्तकव़रलाइपनिरात,0.0
लामासिंहासनआकाशमार्गलेउडिजाईस्वस्थानमाप्राप्तहुंदोभयोकेहीकालपछि.ईराजागुमानीहुनाले,लामासिंहासुनआकाशमार्गलेउडिजाईस्वस्थानमाप्राफस्तदोभयोकेहीकालपछिईराजागुमानीहुनाले,0.086419753730297
जादर्सन्‌सिंकोमाम्‌मलापनिविग्रन्या.अरुअरुमिरउमराव़हरुलाइप,जादर्सन्‌सिंकीमाम्‌लापनिविग्रन्या.अरूअरुमिरउमराव़हरूलाइ५,0.0877192988991737
ष्ठागरी.आफुभिक्षुनीभै.उद्धारभैगया.ताहापछिदेवपालराजा.वडोशोकमानी.आफुलेवनायाकाविहारपनि,ष्ठागरी.आफुभिक्षुनीभै.उद्धारभैगया.ताहापछिदेवपालराजा.वडोशोकमानी.आफुलेवनायाकाविहारपनि,0.0
विस्तारउनैकाअर्जिवाटजाहेरहोला.मलाईलेष्याकाचिठिकोनकलपनिचर्‍हाइपठायाको,विस्तारउनैकाअर्जिवाटजाहेरहोला.मलाईलेष्याकाचिठिकोनकलपनिचर्‍हाइपठायाको,0.0
क्षादी.यथाविधि.मंत्रदीक्षादीद्वादशाक्षरकाअर्थवताई.आफ्नाविहारमापठाया.आफूजोमंजुश्री,क्षादी.यथाविधि.मंत्रदाक्षादीद्वादशाक्षरकाअर्थवताई.आफ्नाविहारमापठाया.आफुजोमंजुश्री,0.0246913582086563
याकाअशोकराजासंगआयाकादेवपालनामराजवंशीक्षेत्रीले.आफूवसनाकनसानु१देवपत्तनना,याकाअशोकराजासंगआयाकादिवपालनामराजवंशीक्षेत्तीले.आफुवसनाकनसानु १ देवपत्तनना,0.0704225376248359
स्वस्तिश्रीगिरिराजचक्रचूडामणिनरनारायणेत्यादि,स्वस्तिश्रीगिरिराजचक्रचूडामणिनरनारायणेत्यादि,0.0
॥स्वस्तिश्रीसर्वोपमानोपमेयशौर्योदार्यादिसकलसद्गुण,॥स्वस्तिश्रीसर्वोपमानोपमेयशौर्योदार्यादिसकलसद्‍गुण,0.0204081628471612
सहरि.थामि.हायु.सुनुव़ार.चेपांग.एतिजातका.घरहिएक्‌एक्,सहरि.थामि.हायु.सुनुव़ार.चेवांग.एतिजातका.घरहिएकएक्‌एक,0.0784313753247261
अरूझारावैकरवेठवेगारमाफ‌औहुलाककोकाजकाये़मरहंज्याल,अरूझारावैकरवेटवेगारमाफऔहुलाककोकाजकायेमरहंज्याल,0.0625
गीहौंदसलीम्वुव़ान्‌लेनगरापायाहामिहरूलेपनीनगरापाउन्याहुं,नीहौंदसलीस्वुव़ान्‌लेनगरापायाहामिहरूलेपनीनगरापाउन्याहुं,0.036363635212183
आगे. जिके.हाम्रोमुलुक्‌भरिकोजोगिकोमंडलाइचर्‍‍हाँ,आगे. जिके.हाम्रोमुलुक्‌भरिकोजोगिकोमंडलाइचर्‍‍हाँ,0.0
माजहाजीतोप्‌तयारभया॥ ॥इन्काछोराआठौँहनरी,माजहाजीतोप्‌तया।भया॥ ॥इन्काछोराआठौँहेनरी,0.0512820519506931
रगरिवक्स्यौँ.आफ्नाषातिरजामासँग.कुलाचारदेषी.भैआय़ा,रगरिवक्स्यौं.आफ्‌नाषातिरजामासँगुकुराचारदेषीभैआय़ी,0.122448980808258
नाम.पशुपतिक्षेत्रभनिनामप्रख्यातभया॥औ.इनिपशुपतिविराजमानभयाको.त्योवनकोनाम.उ,नाम.पशुपतिक्षेत्रभनिनामप्रख्यातभया॥औ.इनिपशुपतिविराजमानभयाको.त्योवनकोनाम.उ,0.0
वशा,वंशा,0.3333333432674408
करूपधारणागर्न्याको.जोईपोइकाकुरागर्‍याकोसुनि.धंन्यगुरूएहीहोभन् थानी.उन् काकोठाकोढो,कूपधारणागर्न्याको.जोईपोइकाफुरागर्‍याकोसुनि.धंन्यगुरूएहीहोभन्‌क्षानी.उन्‌काकोठाकोढो,0.086419753730297
अर्जि,अर्जि,0.0
वालकछु.लेखकोन्यूनाधिकक्षमाभयाजाला.किंवहुविज्ञेषुइतिसंवत्‌,वालकछु.लेखकोन्यूनाधिकक्षमाभयाजाला.किंवहुविज्ञेषुइतिसंवत्,0.0175438597798347
ताहांवाटफर्कीजादा.गौडदेशमागै.ताहाकोराजाप्रचण्डदेववर्म्मन् ले.वुद्धप्राप्तभयोभनि.अनेकसत्का,ताहांवाटफर्कीजादा.गौडदेशमागै.ताहाकोराजाप्रचण्डदेववर्म्मन्ले.वुद्धप्राप्तभयोभनि.अनेकसत्का,0.011235955171287
सहरि.थामि.हायु.सुनुव़ार.चेपांग.एतिजातका.घरहिएक्‌एक्,सहरि.थामि.हायु.सुनुव़ार.चेवांग.एतिजातका.घरहिएक्‌एक,0.039215687662363
उप्रांत।गरीबपर्वरमेरे।अर्सावहोतदिनका।गुजराहै।,उप्रांत।गरीबपर्वरमेरे।अर्साबहोतदिनका।गुजराहै।,0.0222222227603197
वस्नुजोआज्ञाआउछसोगरूलाजानाजानमाफविंति.ईतिसम्वत्‌१८९३सालमि,वश्णु.जोआज्ञाआउछसोरारूलाजानाजानमाफ्‌विंति.ईतिसम्वत्१८९३सार्लाम,0.2105263173580169
झोडाडोसाधलुहुकिलपश्चिमवाटोसाधलुहुकिलउत्तर्रैकरषेतकोआलीसाधलुहुकिल.येतीकिल्लाभित्रकोवाझोवगर,डोडाडोसाधलुहुकिलपश्चिमवाटोसाघलुह्राकिपाउत्तौंकरवेतकोआलीसाथलुहुकिल.येतीकिश्राभिर्त्रकोवाझोवगर,0.1910112351179123
र्दाभया.हेसिंहलसार्थवाह.तिमिइहाक्यानवस्यौ.त्योसुंदरीकामोहमापरिरह्यौ.तिसुंदरीस्त्रीहोईन.राक्षसीपोहो.अवस्य,र्दाभया.हेसिंहलसार्थवाह.तिमिइहाक्यानवस्यौ.त्योसुंदरीकामोहमापरिरह्यौ.तिसुंदरीस्त्रीहोईन.राक्षसीपोहो.अवस्य,0.0
ह्माकामुलुकका सिव़ानामा मौल्मिन्‌काछाउनीमारह्याकालस्कर्माएकपल्ट,ह्याकामुलुक्‌कासिव़ानामा मौल्मिन्‌काछाउनीमारह्याका लस्कर्माएकपल्ठ,0.095238097012043
यणमल्लकोसलाम्‌.पूर्वकपत्रमिदं.इतनीकताँहाँपाउकुशलमंगलभया,यणमलकोसलाम्.पूर्वकपत्रमिदं.इतनीकताँहाँपाउकुशलमंगलभया,0.0545454546809196
द्धान्तव्रह्मसिद्धान्त.सोमसिद्धान्त.मुक्तावलीभैसकियावाकि १ वाटजोवर्षाशन,द्धान्तव्रहिद्धान्त.सोमसिद्धान्त.मुक्तावलीभैसकियावाकि १ वाटजोवर्षाशन,0.0422535203397274
हालनानीहरूलेभाइछुट्टिदामलाइघरहरूकानिमित्तशिवप्रसादहाति,हालनानीहरूलेभाइछुदिदामलाइघरहरूकानिमित्तशिवप्रसादहाति,0.0555555559694767
हरूप्रकाशगराईगयाकापनिछन्.वस्याकापनिछन्॥ ॥ताहांपछि.तिधर्मपालराजाकासन्तानले.राज,हरूप्रकाशगराईगयाकापनिछन्.वस्याकापनिछन्॥ ॥ताहांपछि.तिधर्मपालराजाकासन्तानले.राज,0.0
किरामात्रैवगीआयाकोदेषि.आश्चर्य्यमानिआफ्नादर्वारजाईवस्या.भोलिवेर.ठुलोहल्लाउ,किरामात्रिंवगीआयाकोदेषि.आश्चर्य्यमानिआफ्नादर्वारजाईवस्या.भोलिवेर.ठुलोहब्लाउ,0.0405405387282371
अर्थवताउनसक् न्याछैन.भनि.मंजुश्रीगुरूकादर्शनगर्नजाउंभनि.वारानसीवाट.आउदा.ति.स्वयंभू,अर्थवताउनसकन्याछैन.भनि.मंजुश्रीगुरूकादर्शनगर्नजाउंभनि.वारानसीवाट.आउदा.ति.स्वयंभू,0.0243902429938316
हासनकावतीस्३२लक्षणसवैपुतलीभैकनअनेकज्ञानधर्म्मविक्रमाजितकावर्ननाकथाहाभनि.ए,हासनकावतीस्३२लक्षणसवैपुतलीभैकनअनेकज्ञानधर्म्मविक्रमाजनकावर्ननाकथाहाभनि.ए,0.0273972600698471
ग्मतीकोरकेशावतीका.संगममध्यस्थानविषयेवसी.नेमुनीले.तपस्यागर्दा.श्रीस्वयंभूकाप्रसादले.श्रीवज्रयोगिनी,ग्मतीकोरकेशावतीका.संगममध्यस्थानविषयेवसी.नेमुनीले.तपापागर्दा.श्रीस्वयंभूकाप्रसादले.श्रीवनुयोगिनी,0.0618556700646877
ईनेपालकामाहात्म्य.सवैवताई.सवप्रत्यक्षदेषाई.स्वयंभूकावर्णनाप्रकाशगरी.ताहांवाटगै.श्रीगुह्येश्वरीका,ईनेपालकामाहात्म्य.सवैवताई.सवप्रत्यक्षदेषाई.स्वयंभूकावर्णनाप्रकाशगरी.ताहांवाटगै.श्रीगुह्येश्वरीका,0.0
शुभम्,शुभम्,0.0
वमोजीम्.नीजवसहीय़ामठ्अस्थानकातालुक्‌कोजगाभोगचलन्गर्नु,वमोजीम्.नीजषसहीय़ामठअस्थानकातालुक्‌कोजगाभोगचलन्‌गर्नु,0.0566037744283676
९७ सालमितिभाद्रवदि ९रोज ६मो,म७ सालमितिभाद्रवदि ९ रोज६मो,0.1111111119389534
ईन्.इरानिले.श्रीगुह्येश्वरीमाजाईनिराहारगरीतपस्यागरीरहंदा.देवीप्रसन्नभैवरदानदिईन्.हेरानी,ईन्.इरानिले.श्रीगुह्येश्वरीमाजाईनिराहारगरीतपस्यागरीरहंदा.देवीप्रसन्नभैवरदानदिईत्.हेरामी,0.0229885056614875
ह्राईपठाउला.महाराजारन्जितसिंहर.लार्डअकलन्दकामुलाकातकावञान,ह्राईपठाउला. महाराजारन्जितसिंहर. लार्डअकलन्दकामुलाकातकावञान,0.0350877195596694
सोमहन्त्याञीमैले२०सालमाचलायाकोथिञा२१सालमाअघिभयाकोवेहोरा,सोमहन्त्याञीमैले२०सालमाघलायाकोथिञा२१सालमाअघिनय़ाकोवेहोरा,0.0545454546809196
मारश्रीश्रीश्रीमद्दलमर्दनसाहदेवेषुतथाश्रीश्रीश्री,मारश्रीश्रीश्रीमद्दलमर्दनसाहदेवेषुतथाश्रीश्रीश्री,0.0
राणोक्तःसहश्रकोटि सुभासिर्वादशुभम्,राणोक्तःसहश्रकोटि सुभासिर्वादशुभम्,0.0
भन्दाठुलाछन्.पुछरकोचँदुवापनिसावुदछ.इदुवैमत्ताहाति १ का.सव़ा,भन्दाठुलाछन्.पुछरकोचँदुवापनिसावुदछ.इदुवैमत्ताहाति १ का.सव़ा,0.0
मध्यमण्डलमाराषिदियार.आचार्यले.यथाक्रमसित.पूजाभावगर्दा.नागहरूले.आफ्नु २ शरीरवाटरक्तनिकाली,मध्यमण्डलमाराषिदियार.आचार्यले.यथाक्रमसित.पूजाभावगर्दा.नागहरूले.आफ्नु२शरीरवाटरक्तनिकाली,0.0227272734045982
गुरू.सोहीस्वयंभूक्षेत्रमाप्राप्तभै १ जग्गामा.कृषिकर्मगर्न्याकोभेषभै.सिंहशार्दूलगोरूजस्तोगरीषेत,गुरू.सोहीस्वयंभूक्षेत्रमाप्तभै १जग्गामा.कृषिकर्मगर्न्याकोभेषभै.सिंहशाईलगोरूजस्तोगरीषेत,0.0957446843385696
सुवागरिदिञ्यूरुपिञा६०सालवसालसर्कारकोसिर्तो,सुवागरिदिञ्यू रुपिञा६०सालवसालसर्कारकासितो,0.095238097012043
लमोहरवमोजीमदोहरोउर्दिनेपाल,लमोहरवमोजीमदेइहरोउर्दिनेपाल,0.0769230797886848
चाषुराकोमाउमार्न्याकेडंडरूपैया ५०,चाषुराकोमाउमार्न्याकेडंडरूपैया ५०,0.0
नं.११२,नं.११२,0.0
नरनारायेणेत्यादिवि,नरनारायणेसादिवि,0.2222222238779068
भनिकवूलदीसुवृष्टिगरी.नागहरूआफ्ना २ स्वस्थानमागया॥ ॥ ताहापछिगुणकामदेवराजाकासंतानले,भनिकवूलदीसुवृष्टिगरी.नागहरूआफ्ना२स्वस्थानमागया॥ ॥ताहापछिगुणकामदेवराजाकासंतानले,0.0370370373129844
रोपापसवैछुटियो॥एतिदेवीवाटआज्ञाभयाकासुनी.देवीलाईवारंवारनमस्कारगरीतहावा,रोपापसवैछुटियो॥एतिदेवीवाटआज्ञाभयाकासुनी.देवीलाईवारंवारनमस्कारगरीतहावा,0.0
म्पनीरुपैया१सैकादरलेवर्ष१कोकम्पनी,म्पनीरुपैया१सैकादरलेवर्ष१कोकम्पनी,0.0
कौनैकुराकोविसंभारहुनपाउन्याछैन.दुवैमत्ताकोनापडोरिमात्रचह्राईपठा,कौनैकुराकोविसंभारहुनपाउन्याछैन.दुवैमत्ताकोनापडोरिमात्रचह्राईपठा,0.0
सन्देह १ मापर्नजाला.मैले.पाल्हितप्पाकोवंजरियामा.हातिसारैमाडेराग,सन्देह १ मापर्नजाला.मैले.पाल्हितप्पाकोवंजरियामा.हातिसारैमाडेराग,0.0
रोग२शुभम्,रोना२शुभम्,0.2222222238779068
जाई.काश्मेरकोभरमगढ.किल्लाहान्नजाँदा.दुईहज्जार.पचिस्सैजवान.रनजीत्‌सिंकोषर्चपनी,जाई.काश्मेरकोभरमगढ.किल्लाहान्नजाँदा.दुईहज्जार.पचिस्सैजवान.रनजीत्‌सिंकोषर्चपनी,0.0
लभन्‌जन्‌पाडेँ.साधलाउन्यासधियार.थरघरमोदनाथअर्ज्याल्.मित्रसर्मापंथ.गोकु,लभन्‌जन्‌पाडे.साधलाऊन्यासधियार.थरघरमोदनाथअर्ज्याल.मित्रसर्मापंथ.गोकु,0.0428571440279483
मरहेमतहोवे।सोमाफिकबन्दाबजीलाचे।,मरहेमतहोवे।सोमाफ़िकबन्दाबजाल्यावे।,0.1612903177738189
कोमुलुकमागैडाँकाचोरिगर्‍यौभन्याज्यूजहान्‌मापर्लाभनि१५।१५दिन्‌माउर्दि,कोमुलुकमागैडाँकार्‌चोरिगर्‍यौभन्याज्यूजहान्‌मापर्लाभनि१५।१५दिन्‌माउदि,0.073529414832592
१८,१८,0.0
ईराजाकापालामा.पाटलीपुत्रसहरका.अशोकनामराजालेआफ्नागुरुउपगुप्तभिक्षुकाशरणमाजाईअ,इराजाकापालामा.पाटलीपुत्रसहरका.अशोकनामराजालेआफ्नांगुरूडपगुप्तभिक्षुकाशरणमाजाईअ,0.0526315793395042
तमनि.आग्नेयतरफनागशिलाभनिनामप्रख्यातभैप्रत्यक्षभैरह्याकाछन्.नागल्यायाकावाटो.नागवाटा,तमनि.आग्नेयतरफनागशिलाभनिनामप्रख्यातभैप्रत्यक्षभैरह्याकाछन्.नागल्यायाकावाटो.नागवाटा,0.0
लमा:उहीपनितलझर्‍यो:षजनापनि१८पीपाथी:य़ोसवैलग्यो२पी,लमा:उहिपनितलझसो:षजनापनि१८पीपाथीय़ोसवैलम्यो२पा,0.1632653027772903
कोपरमेश्वरजानकर्के।बारंबार।प्रार्थना कर्त्ताहूँ,कोपरमेश्वरजानकर्के।बारंबार।प्रार्थनाकर्त्ताहूँ,0.0212765950709581
डोसाधलुहुकिलदछिणरैकरवाझोकाल्होसाधलुहुकिलपश्चिमरैकरषेतकोकाल्होसाधलुहुकिलउत्तरडोलछीषेतको,डोसाधलुहुकिलदछिणरैकरवाझोकाल्होसाधलुहुकिलपश्चिमरैकरषेतकोकाल्होसाधलुहुकिलउत्तरडोलषेतको,0.0232558138668537
कोप्रसादआईपुग्यो.च,कोप्रसादआईपुग्यो.च,0.0
वाटआ‌उन्यातिर्थवासिलेकह्याकोसमाचार.विंतिलेषीचर्‍हाइपठायाको,वाटआउन्यातिर्थवासिलेकह्याकोसमाचार.विंतिलेषीचह्राहपठायाको,0.0862068980932235
हजुरषाविन्दमातापिताअन्दाताहैईतिसम्वत१८९१सालमी:माघव,हजुरषाविन्दमातापिताअन्दाताहैईतिसम्वत१८९१सालमी:माघव,0.0
२६,२६,0.0
हरुर.नीजकपतान्‌‌वसी.ल्हासावसंज्यालभरमकदुर.विक्रिगरुंला.भरमकदुरगर्दामा,हरूर.नीजकमतान्‌वसी.ल्हासावसंत्यालभरमकडर.विक्रिगरूंला.भरमकडरगर्दामा,0.1304347813129425
धनागर्दा.नागदहमारहन्या.कर्कोटकनागनआउंदा.शांतिकरआचार्य्यले.मंत्रगरीदुर्वाकुन्दपुष्पदी.गुणका,धनागर्दा.नागदहमारहन्या.कर्कोटकनागनआउदा.शांतिकरआचार्य्यले.मंत्रगरीदुर्वाकुन्दपुष्पदी.गुणका,0.0111111113801598
ताकितगर्न्याकामगर्दैरहनुभन्न्यावेव़राकोरहेछयेसैयेकोहरावेव़रालेअंग्रेज,ताकितगर्न्याकामगर्दैरहनुभन्न्यावेव़राकोरहेछयेसैयेकोहरावेव़रालेअंग्रेज,0.0
भनि.संपूर्णदेवताहरूमिली.मनुष्यकनराजातुल्याउनईछागर्‍या॥ ॥तस्‌पछिकलियुगभया॥ ॥अथनैपाल,भनि.संपूर्णदेवताहरूमिली.मनुष्यकनराजातुल्याउनईछागर्‍या॥ ॥तस्‌पछिकलियुगभया॥ ॥अथनैपाल,0.0
ऋषिगणै.स्तत्रगौतमादयोदेवाःप्रतिष्ठा.पाशुपतेश्वरभट्टारके.श्लेष्मान्तकवनेविराजतेऽत्रस्थितगोपालोना,ऋषिगणै.स्तत्रगौतमादयोदेवा.प्रतिष्ठाँ.पाशुपतेश्वरभट्टारके.श्लेष्यान्तकवनेविराजते।ज्रस्थितगोपालोना,0.0526315793395042
लकप्रसाद.हजुर्मा.चर्‍हाईपठायाकोछ.दाषिलहोला.राँगा,लकप्रसाद.हजुर्मा.चर्‍हाईपठायाकोछ.दाषिलहोला.राँगा,0.0
वाटप्रवाहगरीवाग्मतीमापठाया.तस् दिनदेषिन्.त्योनदीकानाम.रत्नद्रव्यप्रवाहगर्नालाईउत्पत्ति.गर्‍याकाहुना,वाटप्रवाहगरीवाग्मतीमापठाया.तस् दिनदेषिन्.त्वोनदीकानाम.रत्द्रव्यप्रवाहगर्नालाईउत्पत्तिगर्‍याकाहुना,0.0303030312061309
याकोछ.हाल्‌षमारिमात्रलाग्याका‌छन्.अरुअंगअंगसवैनापि.तपसिल,याकोछ.हाल्‌षमारिमात्रलाग्याका‌छन्.अरुअंगअंगसवैनापि.तपसिल,0.0
फर्क्याकोडव़ल्‌वूझिन्छ‌उस्‌जगादेषिआजकालइनहरुराजिरह्याजस्ताकुरागर्दैनन्‌.उस्काजमामा,फ्‌क्यांकोउवल्‌वूतिन्छउस्‌जगादेषिआजकालइनहरूराजिरह्याजस्ताकुरागर्दैनन्.उस्काजमामा,0.1097560971975326
ऊप्राँत.गरीप्रवर.श्रावणसुदी२।३रोज१।२मासानुपानीपर्दाव्युकोवचाउसम्मभयाकोहालश्राव,ऊप्रांत.गरीप्रवर.श्रावणसुदी२।३रोज१।२मासानुपानीपर्दायुकोवचाउस्‌म्मभयाकोहालश्राव,0.0641025677323341
लेमुलुकपनिविग्रीरहेछभनिमैलेजवाफदियूँनीजसाहेवलेकीतमेरा,लेमुलुकपनिविग्रीरहेछभनिमैलेजवाफछिँनीजमाहेवलेकीतमेरा,0.0754716992378234
कि.आषाढवदि१४रोज५मा.पठाऊनुभयाको.कृपापत्र.श्राव़णशुदि५रोज५माआईपुग्यो,कि.आषाढवदि१४रोज५मा.पठाऊनुभयाको.कृपोपत्र.श्रावणशुदि५रोज५माआईपुज्यो,0.0454545468091964
नलाग्यार.अमीर.र.रैयत्‌हरुले.इंगलिस्तान्कावादशाह,नलाग्यार.अमीर.र.रैयत्‌हरूले.इंगलिस्तान्कावादणह,0.0638297870755195
नागलाईसमातील्यायार.वाटामाठकीगयोर.वाटामाविसायाकाजग्गामा.कर्कोटकनागकामूर्त्ति.स्वयंभूपर्व,नागलाईसमातील्यायार.वाटामाठकीगंयोर.वाटामाविसायाकाजग्गामा.दर्कोटकनागकामूर्त्ति.स्वयंभूपर्व,0.0229885056614875
नेपालभित्र.फुल्लोचमनिगोदावरीसन्निधानमादर्वारवनाईवसी.आनन्दसँगराजगर्दाभया॥राजाहरूकानाउ,नेपालभित्र.फुल्लोचमनिगोदावरीसन्तिधानमादर्वारवनाईवसी.आनन्दसंगराजगर्दाभया॥राजाहरूकाना,0.0357142873108387
अघि२कामानिस् हरूवंधनमाराषीछोडन्या.कोईहातनभयाका.कोईँषुटानभयाका.कोईकाहाडमात्रैवाकीरह्या,अघि२कामानिस्‌हरूवंधनमाराषीछोउन्या.कोईहातनभयाका.कोईषुँटानभयाका.कोईकाहाउमात्रैवाकीरह्या,0.0588235296308994
निहाम्रागुणकोप्रकासरहाम्रोउद्धार,निहाम्रागुणकोप्रकासर.हाम्रोउद्धार,0.03125
कानगीचगै.हेमहापुरूष.तिमिकोहौ.महाचीनजान्यावाटकाहाहोभनिसोधदा.सोहीपुरूषलेभ,कानगीचगै.हेमहापुरूष.तिमिकोहौ.महाचीनजान्यावाटकाहाहोभनिसोधदा.सोहीपुरुषलेभ,0.0140845067799091
या.योवृत्तांतसवैइन्द्रानीघाटकादेवीलेजानीअव.ईनेपालमासदासर्वदाराजीकहुन्याछन्‌भनि.नेपालआई.मना,या.योवृत्तातसवैइन्द्रानीपाटकादेवीलेजानीअव.ईनेपालमासदासर्वदाराजीकहाछन् भनिनेपालआई.मना,0.0888888910412788
रैयत्‌लाइसुखीगराया२४वर्षराज्यगरीमर्‍याइन्कापाला,रैयत्‌लाइसुरवीगराया२४वर्षराज्यगरीमर्‍याइन्कापाला,0.0425531901419162
तोप्‌६८भया.भन्न्याकुरासुनिया.अष्‌तर्लोनीसाहव.फौतभ,तोप्‌६८भय़ा.भन्न्याकुरासुनिय़ा.अष्‌तर्लोनीसाहव.फौतभ,0.0408163256943225
चसिं भन्या कालिम्वुले गाउँतलाई हुदैननियावाट मैले,चासिं भन्या कालिम्वुले गाउँ तलाई हुदैन नियावाट मैले,0.0625
प्रजाहरुउन्‌लाइवहुत्मान्थ्यार.२०लाषरुपैयादीति,प्रजाहरुउन्‌लाइवहुत्‌मान्थ्यार.२०लाषरुपैयादीत,0.0444444455206394
आश्विनशुदिपूर्णिमाकादिन,आश्विनशुदिपूर्णिमाकादिन,0.0
८७१सालमितिश्राव़णसुदि६रोज६मोकामअर्किशुभम्,८७१सालमितिश्राव़णसुदि६रोज६मोकामअर्किशुभम्,0.0
आवाहनागारीवडोअगमपूजागरी.कज्जललगाई.नित्यभावगरी,आवाहनागरीवडोअगमपूजागरी.कजललगाई.नित्यभावगरी,0.0666666701436042
लाठसाहेवलेमौकुफ्‌गर्‍यामौकुफगर्‍याकाफौजकावदलामाकंपनिकोफौजकन्टिल्,लाठसाहेवलेमौकुफ्‌गर्‍यामौकुफगर्‍याकाफौजवावदलामाकंपनिकोफौजकन्‌टिल्‌,0.046875
या.हामिहरुलेपनिनगरापाउन्याहुंभनि.तिमिहरुले.हाम्राहजुरमा.विंतिपार्दाजाहेर,यो.हामिहरूलेपनिनगरापाउन्याडभनि.तिमिहरूले.हाम्राहसुरमा.विंनिपार्दाजाहेर,0.1111111119389534
वैवीस्तार.वीन्तीगर्नान्‌:सरअपसर.माफराषीसीक्षाउपदेस,वैवीस्तार.वीन्तीगर्नान्‌:साअपमर.माफराषीसीकाउपदेस,0.0799999982118606
आफ्नु २ मूर्त्तिलेखीदी.कैल्हे २ अनावृष्टिभयोभन्या.इनि.हामिहरूकामूर्त्तिमापूजागरनु.अनावृष्टिशांतिहोला,आफ्नु २मूर्त्तिलेखीदी.कैल्हे२अनावृष्टिभयोभन्या.इनि.हामिहरूकामूर्त्तिमापूजागरनु.अनावृष्टिशांतिहोला,0.0299999993294477
षर्च.सातपगरीकातोसपगरिकोतनुषाँकोचाडैठेगानावाधि.पठाई.दिनुभयावढियाहोला.ताहावाट,षर्च.सातपगरीकातोसपगरिकोतनुषाँकोचाडैठेगानावाधि.पठाईदिनुभयावढिचाहोला.ताहावाट,0.0266666673123836
स्वस्तिश्रीमन्महाराजा,स्वस्तिश्रीमन्महाराजा,0.0
पर्लाभन्याझैंपनिलाग्योवन्दोवस्तकोलालमोहरमायेक्‌वेव़राउर्दीदिन्यालाल,पर्लाभन्यारैपनिलाग्योवन्दोवस्तकोलालमोहरमायेक्‌वेव़राउर्दादिन्यालाल,0.0447761192917823
तारिचाहीपनि.आफ्नापुत्रकोवियोगशोकलेवैरागीभैफिरंताभैगई.तस् पछि.कतिचित् वर्ष.वितीतभयापछि,तारिचाहीपनि.आफ्नापुत्रकोवियोगशोकलेवैरागीभैकिरंताभैगई.तस् पछि.कतिचित्वर्ष.वितीतभयापछि,0.0235294122248888
काहै।मेरेकुसूरमाफ,काहै।मेरेकुसूरमाफ,0.0
साहेवका.दर्गाहमाचढाय़ापंषाचढायाकावषतमा.लाषज,साहेवकादगोहमाचहाय़ापंषाचढायाकाचषतमा.लाषज,0.1395348906517028
श्रीः\,श्रीः\,0.0
भैगयो॥तसर्थमेषसंक्रांतिकादिन.क्रकुत्संदवुद्धकावाक्यलेप्रकाशभयेछर.वाग् द्वारभनिनामभयाका,भैगयो॥तसर्थमेषसंक्रांतिकादिन.क्रकुत्संदवुद्धकावाक्यलेप्रकाशभयेछर.वाग्‌द्वारभनिनामभयाका,0.0116279069334268
त्या.गुठिहारलेअर्घ्यालोनचापनु.स्वदत्तांपरदत्तांम्वायोहरेद्वैवसुंधराम्षष्टिवर्षसहश्राणिविष्टायांजायेतेक्रिमी.ईतिसम्व,त्या.गुठिहारलेअर्घ्यालोनचापनु.स्वदत्तांपरदत्तांम्वायोहरेद्धैवसुंधराम्‌षष्टिवर्षसहथासिविष्टायांजायेतेत्रिमी.तिसम्व,0.0695652142167091
त्योकुलिकनागले.अघिदेषिवसीरह्याकानागवासह्रदहो.नाहाकमंजुश्रीलेहामिलाईनिकाली,त्योकुलिकनागले.अघिदेषिवसीरह्याकानागवासह्रदहो.नाहाकमजुश्रीलेहामिलाईनिकाली,0.0136986300349235
ककाषतमानीतीस्मृतिगर्नु.जिय़नमासनुभनि,ककाषतमानीतीस्नटतिगर्नु.जियनमासनुभनि,0.0833333358168602
वाटनगरा वक्ष्याको पुरानु भै विग्र्याका तारो थपि नयाँवनाई,वाट नगरावक्स्याकोपुरानु भै विग्याका तावो थपि नयाँवनाई,0.125
लाजगाकोजाचवुझ.गर्नलागिरह्याछौ.ञाहाकाजगाकोउठतिपैदावारजोठहर्ला.सोविन्ति.गरिपठाउ,लाजगाकोनाचवुझ्नलागिरह्याछौ.ञाहाकानगाकोउठतिपैदावारजोठहर्ला.सोविन्तिगरिपठाउ,0.0779220759868621
१८९४ सालमिति कार्तिकवदि ८रोज ७मोकाम्‌कलकत्ता,१८९४ सालमिति कार्तिकवदि ८रोज ७मोकाम्‌कलकत्ता,0.0
२७,३७,0.5
रीवभय़ो.व़कीलसहरैमाछन्‌.दर्वारमकूफ्‌भय़ाकोदेष्‌ता.इन्हे,रीवभय़ोव़कीलसहरैमाछन्.दर्वारमकूफ्‌भय़ाकोदेष्‌ता.इन्हे,0.036363635212183
आश्विनवदि३०रोज३मुकाम्‌दिल्लीचलीचलाव़शु,आश्विनवदि३रोज३मुकाम्‌दिल्लीचलीचलाव़शु,0.0263157896697521
भन्न्यापछिल्लोलालमोहरमाभन्याडाँकारचोरिमासावितभयोभन्याज्यूजहा,भन्न्यापछिल्लोलालमोहरमाभन्याडाँकारचोरिमासावितभयोभन्याज्या,0.050000000745058
मशुषभोगेगरयोविर्तासंकल्पहुदासंकल्पवाक्येपर्‍हन्याप्रोहितयदुनाथपंडितअर्ज्यालपानिहालन्याश्रीजनरलः,मशुषभोगेयत्योवितासंकल्पहुदासंकल्पवाक्येपहुन्याप्रोहिंतयहुनाथपंडितअर्ज्याल्‌पानिहालन्याश्रीजनरल,0.1473684161901474
भैरह्याका.शून्यदेशमा.जानमनगरी.वुढानीलकण्ठसंधिवहीगै.अनेकतीर्थ.शान्तेश्वरी.ज्ञानेश्वरम,भैरह्याका.शून्यदेशमा.जानमनगरी.वुढानीलकण्ठसंधिवहीगै.अनेकतीर्थ.शान्तेश्वरी.ज्ञानेश्वरम,0.0
उद्दारकर्नेकोसमर्थहैँ।मेरेबिगडनेमेकुछबाकीनहीँरही,समर्थहैँ।मेरेबिगडनेमेकुछबाकीनहीँरही,0.2708333432674408
यस्ताप्रज्ञोपायश्रीस्वयंभूगुह्येश्वरीआफैआफप्रकाशहुनुभयाकाहेरी.उनैकादर्शननिमित्तर.मंजुश्रीकाकी,यस्ताप्रजोपायश्रीस्वयंभूराह्येश्वरीआफैआफप्रकाशहुनुभयाकाहेरी.उनैकादर्शननिमित्तर.मंजुश्रीकाकी,0.0430107526481151
कोछैन‌अध्ययनकाअर्थकनसिद्धान्तकौमुदीश्रीसूर्यसिद्धान्तलीलावती.वीजग,कोछैनअध्ययनकाअर्थकनसिद्धान्तकोमुदीश्रीसूयसिद्धान्तलीलावती.वीजगु,0.0769230797886848
काकुराकोउर्दिदिउभन्यागाइभैसिवाप्राधानचोर्न्यालाइपनिचोरभनींछगा,काकुराकोउर्दिउभन्यागाइभैसिवाप्राधानचोर्न्यालाइपनिचोरभनीछया,0.0655737668275833
याकोमोकाम्‌सीनकोविस्तार.अंगरेजीहरफका.छापाकोन,य़ाकोमोकाम्‌सीनकोविस्तार.अंगरेजीहरफका.छापाकोन,0.0227272734045982
धानचाव़लषरीदगरिताहिकादर्वारमावढिय़ाजगामाथनक्या,धातचाव़लषरीदगरिताहिकादर्वारमावढियाजगामाथन्‌क्या,0.0869565233588218
१,२,1.0
ध्येगरीवस्या.इसहर.उजरीगयापछि.एक१चोरलेज्ञानेश्वरलिंगभित्र.स्पर्शमणीछभनिवन्‌चरालेचिर्दाचि,ध्येगरीवस्या.इसहर.उजरीगयापछि.एक१चोरलेज्ञानेश्वरलिंगभित्र.स्यर्शमणीछभनिवन् चरालेचिर्दाचि,0.0229885056614875
दिंदातहाम्रारैयेत्‌हरुकोसार्‍हैमन्‌षस्‌नजालाअलिक्‌देसमापनिवदनाम,दिवातहाम्रारैयेत्‌हरूकोसाहैमन्‌यस्‌नजालाअलिक्‌देसमापनिवदनाम,0.1111111119389534
या.तसर्थ.उस् दिनदेषि.जौनविष्णुजी.उस् वषत्.रसातलमाजाउंभनिगै.जस् ठाउवाटगुप्तभैग,या.तसर्थ.उस्‌दिनदेषि.जौनविष्णुजी.उस् वषत्.रसातलमाजाउंभनिगै.जस्ठाउवाटगुप्तभैग,0.0259740259498357
वंशा,वंशा,0.0
गुज़रे।०।ष़ाविन्दमेरे।दिल्लीमे।बतौर‌अफुवेके,गुज़रेँ।०।बाविन्दमेरे।दिल्लीमे।बतौरअफुवेके,0.0930232554674148
लेषि.अर्काहुलाक्‌माचह्राईपठाउन्याकाम्‌गरुला.औ.सुवेदारजसिवंतकँव,लेषि.अर्काहुलाक्‌माचर्‍हाईपठाउन्याकाम्‌गरुला.औ.सुवेदारजसिवंतकँव,0.0483870953321456
जानावुझिहेर्याकोछैन२।४दिनभीत्रनालनिसानषजानावुझि,जानावुझिहेर्याकोछैन२।४दिनभीत्रनालनिसानषजानावुझि,0.0
तापसिंहसाहवहादूर्सम्सेर्जङ्‌देवानाम्‌सदासमरविजयिनाम्,तापसिहसाहवहादूर्सम्सेर्जड्‌देवानाम्‌सदासमरविजयिनाम्,0.0384615398943424
ष्याकोरहेछ.वारुदगोलिपत्थर.विषसर.केहिवंदूक्‌ञहांभयाअनुसारकाजिरेव़ंतक,ष्याकोरहेछ.वारुदगोलिपत्थर.विषसर.केहिवंदूक्‌ञहांभयाअनुसारकाजिरेव़ंतक,0.0
सेवासतम्‌पुर्वकपत्रमिदम्.ताहाँकाकृपाले.ञाँहानीकाआनन्दछौँ.ताहाँचरणक्षेमकुसलमंगलहुनुभयाहाम्रोउद्धारहोला.आगेञाहाँकोसमाचारभलोछ.उ,सेवा.तसपुर्वकषभमिद्माहाँकाकपाले.ञाँहाञीकाआनन्दछौं.नाहाक्षाराक्षेम्‌कुतलमंगलहुलुभय़ाहारोउद्रारहोल्‌आगेजाहाँकोसमाचारभनि,0.2903225719928741
सेव़कलोकरमणोपाध्यायकोवेदो,सेवक्‌लोकरमणेपाध्यायकोवेदा,0.2000000029802322
श्रीपुतलीरानीभाउज्यू,श्रीपुतलीरानीभाउज्यू,0.0
११७,११७,0.0
क्लका.पूर्णिमाकादिन.दर्शनगरी.श्रीगुह्येश्वरीप्रकाशगरी.श्रीगुह्येश्वरीकापनि.विश्वरूपदर्शन.शुक्लादिमा,क्तका.पूर्णिमाकादिन.दर्शनगरी.श्रीगुह्येश्वरीप्रकाशगरी.श्रीगुह्येश्वरीकापनि.विश्वरूपदर्शनशुक्लादिमा,0.0202020201832056
रोपनीआदिसवथोकदीषुसीगराई.समुझाई.वुझाई.आफ्नीपुत्रीचारुमतीसंगराषी.दुवैजनासितविदाली.अ,रोपनीआदिसवथोकदीषुसीगराई.समुझाई.वुझाई.आफ्नीपुत्रीचारुमतीसंगराषी.दुव़ैजनासितविदाली.अ,0.0123456791043281
८७१सालमितिश्राव़णसुदि६रोज६मोकामअर्किशुभम्,८७१सालमितिश्राव़णसुदि६रोज६मोकामअर्किशुभम्,0.0
ला लीजापगर्नलाग्योर.फेरीअसमर्थमानि.जापमालाछाडीगयो.ताहापछि.वाटामाएकपुरूषले.आफ्नाअंगुछामा,लानलीजापगर्नलाग्योर.फेरीअसमर्थसानि.जापमालाछाडीगयो.ताहापछिचाटामाएकपुरूषले.आफ्नाअंगुछामा,0.0459770113229751
रिराजचक्रचूडामणिनरनारायणेत्यादिविविधविरू,रिराजचक्रचूडामणिनरनारायणेत्यादिविविधविरु,0.025000000372529
सिदासकोचेला.रामदास्‌लाइदीनु.आफुलेनपाउन्यामहन्त्याञी.मपाउन्या,सिदासकोचेला.रामदास्‌लाइदीनु.आफुलेनपाउन्यामहन्त्याञी.मपाउन्या,0.0
इन्कापालामाकलियुगकोपादलेपृथ्वीकनछोयोभनि.ज्योतीषजान्याहरूलेसुनाया.इन्‌दिनदेषिसंपूर्णप्राणी६,इन्कापालामाकलियुगकोपादलेपृथीकनछोयोभनि.त्योतीषजान्याहरूलेसुनाया.इन्‌दिनदेषिसपूर्णप्राणि,0.0666666701436042
ऊप्रान्त.ग्रहणमा २ नुहाव़नजाँदा.कहलुर्‍याराजाले.मछेउभन्याकोस्माचार.रणजीतसिं,ऊप्रान्त.ग्रहणमा २ नुहाव़नजाँदा.कहलुर्‍याराजाले.मछेउभन्याकोस्माचार.रणजीतसिं,0.0
रोजकादिनकालिज्यामीरदाना२४कोपेरुंगा१डाक्‌वाटचढाइपठायाको,रोजकादिनकालिज्यावीरदाना२८कोपेरुंगा१डाक्‌वाटचढाइपठायाको,0.0370370373129844
भोगवर्ष१०००यस्‌पछि.शून्यवर्ष१०००फेरीविशालनगरकावर्षहज्जार२फेरीपिंगलोपाख्यानवर्षपचा,भोगवर्ष१००यस्‌पछि.शून्यवर्ष१०००फेरीविशालनगरकावर्षहजार२फेरीपिगलोपारष्यानवर्षपचा,0.0740740746259689
द्धायोकामगर्‍याको१५।१६वर्षभयोभंन्या.विंतिगर्‍या.अ,द्धायोकामगर्‍याको१५।१६वर्षभयोभंन्या.विंतिगर्‍या.अ,0.0
सावलेअमालिदारलेतिराइदिनु.वितलपकाकुरियामाहापनिति,सावलेअमालिदारलेतिराइदिनु.वितलपकाकुरियामाहापनिति,0.0
॥ ॥त्रेतायुगकाभोगवार्हलाषछयानन्यहज्जार१२९६०००मनुष्यकाआयुपाँचहज्जार५०००प्राणवायु॥,॥ ॥त्रेतायुगकाभोगवाहूलापछ्यानव्यहज्जार१२९६००मनुष्यकाआयुपाँवहज्जार५०००प्राणवायु॥,0.1000000014901161
स्वस्तिश्रीसर्वोपमाज़ोग्येत्यादिसकलगुण:गम्भीर:राजभारोद्धरसामर्थसी,स्वस्तिश्रीसर्वोपमाजोग्येत्यादिसकलगुगा:गम्सीर:राजभारोद्धरसामर्थसी,0.0615384615957737
६कादिन्‌ .फौतभया.कंपनीकाषैरषाह.पुरानाआदमीथिया,६कादिन्‌.फौतभय़ा.कंपनीकाषैरषाह.पुरानाआदमीथिय़ा,0.0666666701436042
राज्यगर्छन्.कलकत्तादेषीतहासम्मजहाजकोवाटो,राज्यगर्छन्.कलकत्तादेषीतहासम्मजहाजकोवाटो,0.0
उप्रांन्त:पूर्वअंग्रेजकोसर्हद्दमाआक्‌आयेवर.ककोइफकोईभंन्याव्रह्मावादसाह,उप्रांन्त:पूर्वअंग्रेजकोसर्हद्दमाआक्‌आयेवर.ककोइफकोईभंन्याव्रह्मावादसाह,0.0
नु.कारोवारिमैलेहुनुतिम्रासेषपछीय़ोमहन्त्याञीमैलेचलाउनुभंन्या,नु.कारोवारिमैलेहुनुतिम्रासेषपछीयोमहन्त्याञीमैलेचलाउनुभंन्या,0.016666667535901
तैवढियागर्दारह्याछन्‌ञाहाकासाहेवा,तैवढिय़ागर्दारह्माइपन्‌आहाकासाहेवा,0.1818181872367859
यो.फ,यो.फ,0.0
हजूरकापनितेहिजोग.पर्‍याकोछ.कुंडली.दशागन्याकोच,हजूरकापनितेहिजोग.पर्याकोछ.कुंडली.दशागर्न्याकोच,0.0666666701436042
अर्जिजानिनजानिलेष्याको.माफ्‌भयाजाला.ईतिसम्वत्१,अर्जिजानिनजानिलेष्याको.माफ्‌भयाजाला.ईतिसम्वत्१,0.0
गरीवपर्वरहाललखनऊकादरियाफ्तहुवाकिइसमहीनेमेँकइरइ,गरीवपर्वरहाललखनउकादरियाफ़ाहुवाकिइसमहीनेमेँकइरइ,0.0652173906564712
वाटसजायगर्नुभन्न्यावेव़राकोअघिल्लोयोपाठकोवन्दोवस्तलाईतेरातजवीज,वाटसजायगर्नुभन्न्यावेव़राकोअघिल्लोयोपाठकोवन्दोवस्तलाईतेरातजवीज,0.0
कमारव़ानागर्नषोज्दाहल्काराहरूआइपुग्यारथामिय़ाकोहोइनहल्काराहस्तेचह्राइपठाउला.ञा,कमारव़ानागर्नषोज्दाहल्काराहरूआइपुग्यार थामिय़ाकोहोइनहल्काराहस्तेचहाइपठाउला.ञा,0.0384615398943424
अर्जि,अर्जि,0.0
तिकादिन.वासदी.यस् क्षेत्रकाधनद्रव्यसवै.तम्राषुसिभयोभनि.कर्कोटकनागराजलाईवुझाई.ठुलोतलाउ,तिकादिन.वासदी.यस् क्षेत्रकाधनद्रव्यसवै.तम्राषुसिभयोभनि.कर्कोटकनागराजलाईवुझाई.ठुलोतलाउ,0.0
१,९,1.0
