page,image_path,ground_truth,prediction,cer
NA,data/oldNepali/processed/images/DNA_1_00000410/eSc_line_c4561212.png,मुझेपरमदु:खहोरहाहै।चिठीअर्जीका।जुबाबनहीँ,मुझेपरमदुःखहोरहाहै।चिठीअर्जीका।जुबाबनहीँ,0.02500000037252903
NA,data/oldNepali/processed/images/DNA_0001_0367/eSc_line_ca5f7efa.png,षरिदगरिचह्राइपठाउन्याकामगरभनिवक्सिपठायागयाकोलालमोहर,षरिदगरिचह्राइपठाउन्याकामगरभनिवक्षिपठायागयाकोलालमोहर,0.019607843831181526
NA,data/oldNepali/processed/images/DNA_2_00000115_result/eSc_line_2bad0d4d.png,वाटआउन्यातिर्थवासिलेकह्याकोसमाचार.विंतिलेषीचर्हाइपठायाको,वाटआउन्यातिर्थवासिलेकह्याकोसमाचार.वितिलेषीचह्राइपुठायाको,0.0714285746216774
NA,data/oldNepali/processed/images/DNA_0013_0165/eSc_line_f865192d.png,षोपासीकोवीरभद्रथापा.काठमाडौकाकृश्नदत्तझा.नैनसिंथापा.अतिरुपषत्रि.उदैसिंषत्रि.प्रधानमहादेउ.वाकावस्न्या,षोपासीकोवीरभद्रथापा.काठमाडौकाकृष्वदत्तका.नैनासिंथापा.अतिरूपषत्रि.उदैसिषत्रि.प्रधानमहादेउ.वाकावश्न्या,0.07000000029802322
NA,data/oldNepali/processed/images/DNA_1_00000026/eSc_line_fa34deb3.png,लमितिचैत्रशुदि१५रोज२मुकाम्तानसेन्शुभम्,लमितिचैत्रशुदि15रोज2मुकाम्तानसेनशुभम्,0.10526315867900848
NA,data/oldNepali/processed/images/DNA_0013_0522/eSc_line_ad319d9a.png,र्थिधरपाध्याकोईरालासुरमर्दनसिंनेपाल्विर्तवारलेकिलाभन्दाअर्घ्यालोनचापनुविनातकसिरजवद,र्थिधरपाध्याकोईरालासुरमर्दनसिंनेपाल्विर्तवारलेकिलाभन्दाअघ्यालोनचापनुविनातकसिरजवद,0.024390242993831635
NA,data/oldNepali/processed/images/CA__The Cambridge Manuscript_Page_008/eSc_line_4432cdd7.png,पनि.आफ्नुचिन्ह.तिस्जग्गामा.केहीराषी.तिस्जग्गाकानाम.विक्रमशीलविहारभनिनामराषि.ता,पनि.आफ्नुचिह्र.तिस्जग्गामा.केहीराषी.तिस्जग्गाकानाम.विक्रमशीलविहारभनिनामराषि.ता,0.025641025975346565
NA,data/oldNepali/processed/images/DNA_0012_0006/eSc_line_29cd107c.png,श्रीदुर्गाज्यू१,श्रीदूर्गाज्यू\,0.13333334028720856
NA,data/oldNepali/processed/images/DNA_0001_0368/eSc_line_cb5522c9.png,लिलाममाविक्रिहुन्याछभन्न्याषवरसुनिन्छउस्दिनलिलामहुदापायाषरि,लिलाममाविक्रिहुन्याछभन्न्याषवरसुनिन्छउस्दिनलिलामहुदापायाषरि,0.0
NA,data/oldNepali/processed/images/DNA_1_00000026/eSc_line_b11065ae.png,उप्रान्त.येस्पटकचितवन्कोतप्पामा.पक्रियाकोठुलोमत्ता.रणप्रकासहाति१हजुरमाचर्हा,उप्रान्त.येस्पटकचितवन्कोतप्यामा.पक्रियाकोटलोमत्ताइणप्रकासहाति1हजुरमाचर्हा,0.07999999821186066
NA,data/oldNepali/processed/images/DNA_0001_0368/eSc_line_76351242.png,हकामुलाकातभयाकावञान्कोकितावठोपिप्रेन्सिप्साहवलेवनाइछपा,हकामुलाकातभयाकावञान्कोकितावठोपिप्रेन्सिप्साहवलेवनाइछपा,0.0
NA,data/oldNepali/processed/images/CA__The Cambridge Manuscript_Page_006/eSc_line_b821f99d.png,लाईतेस्सांकाश्यानगरकाराजागराया.ताहापछि.कुशध्वजराजाकासन्तानले.राज्यगरीरहदा.केही.,लाईतेस्सांकाश्यानगरकाराजागरायां.ताहापछि.कुशध्वजराजाकासन्तानले.राज्यगरीरहदा.केही.,0.012658228166401386
NA,data/oldNepali/processed/images/DNA_1_00000631/eSc_line_57da0d3b.png,राभन्याहजूरवाहिकअर्कोकोहिशरणछैनअव,राभन्याहजूरवाहिक्अर्कोकोहिशरणछैनअव,0.03030303120613098
NA,data/oldNepali/processed/images/DNA_2_00000293_result/eSc_line_7a7cefcb.png,केचरणेमेभेजीहैँ।क्यामेरा।कसूर।औरबदन,केचरणमेभेजीहैँ।क्यामेरा।कसूर।औरबदन,0.02857142873108387
NA,data/oldNepali/processed/images/DNA_0013_0382/eSc_line_3083cd15.png,फुवस्याकोघरवारिजिमिकोअम्वालिलेषोसमोसनगर्नु.गर्षासरह,फुवस्याकोघरवारिजिमिकोअस्वालिलेषोसमोसनगर्नु.गर्षासरह,0.019607843831181526
NA,data/oldNepali/processed/images/16/eSc_line_6ce4fe30.png,लाई.उपदेशदिन्या.भिक्षुलाई.पूजामानगरी.वडोहर्षोत्साहगर्यो.ताहापछि.महादेवसित.विद्वेषगरी.तन्-,लाई.उपदेशदिन्या.भिक्षुलाई.पूजामानगरी.वडोहर्षोसाहगर्यो.ताहापछि.महादेवसित.विद्वेषगरी.तन्-,0.02247191034257412
NA,data/oldNepali/processed/images/CA__The Cambridge Manuscript_Page_021/eSc_line_5496af71.png,वंशा.,वंशा.,0.0
NA,data/oldNepali/processed/images/12/eSc_line_a9f6ebf6.png,रदियाकोसो.थियार.तस्दिनदेषी.इस्क्षेत्रकानामनेपालभनिप्रख्यातभया॥यस्तासमयमाराजा.शून्यभैरहदा.द्वा,रदियाकोसो.थियार.तस्दिन्देषी.इस्क्षेत्रकानामनेपालभनिप्रख्यातभया॥यस्तासमयमाराजा.शूर्यभैरहदा.द्वा.,0.032258063554763794
NA,data/oldNepali/processed/images/DNA_0012_0007/eSc_line_4ceb9aa6.png,५६लंवरकाऐनलेजायेदात्गर्नलाइ.घरद्वारकेहीनहुँदा.नीजवाला.,56लंवरकाऐनलेजायेदात्गर्नलाइ.घरद्वारकेहीनहुँदा.नीजवाला.,0.03703703731298447
NA,data/oldNepali/processed/images/DNA_0010_0668/eSc_line_55f53fcb.png,रीदवीक्रिकोज्माषर्चवुझाइफारषतिलिन्यागरइतिसम्वत्१८,रीदवीक्रिकोज्माषर्चवुझाइफारषतिलिन्यागरइतिसम्वत्18,0.040816325694322586
NA,data/oldNepali/processed/images/DNA_0003_0551/eSc_line_122d2a9f.png,र्नामुसकिलहैरुपयारोजजोहजूरसेमेरेपर्वरिशकेवास्तेहुक्म,र्नामुसकिलहैहपयारोजजोहजूरसेमेरेपर्वरिशकेवास्लेहुक्म,0.057692307978868484
NA,data/oldNepali/processed/images/DNA_0011_0647/eSc_line_4e5d629e.png,१८८,28,1.0
NA,data/oldNepali/processed/images/DNA_2_00000327_result/eSc_line_545d7f9b.png,वदि१कादिनआइपुग्योपर्हिपत्रार्थविदितभयो.सदरकोजगाहुनालेताँहाँजगाजगाकोषवरपुग्,वदि1कादिनआइपुग्योपक्रिमत्रार्थविदितभयो.सदरकोजगाहुनालेताँहाँजगाजगाकोषवरपुग्,0.054054055362939835
NA,data/oldNepali/processed/images/18/eSc_line_814a313d.png,तीतहुदा.त्योकुराइन्द्रका.सुधर्म्मासभामाहुदा.इन्द्रले.आफ्नुधनद्रव्य.फिर्तालिनाकोइछागरी.तीर्थ.,तीतहुंदा.त्योकुराइन्द्रका.सुधर्म्मासमामाहुदा.इन्द्रले.आफ्नुधनद्रव्य.फिर्तालिनाकोइछागरी.तीर्थ.,0.021739130839705467
NA,data/oldNepali/processed/images/20/eSc_line_5568b30b.png,निपुग्याकोछैन.दक्षिणकालीपनिपुग्याकोछैन.कछपालपर्वतपनिवुर्याकोछैन॥औ.पशुपति-,निपुग्याकोछैन.दक्षिणकालीपनिपुग्याकोछैन.कछपालपर्वतपनिवुर्याकोछैन॥औ.पशुपति-,0.0
NA,data/oldNepali/processed/images/CA__The Cambridge Manuscript_Page_007/eSc_line_a6ee55f3.png,यठुलोचैत्ययथाविधिसितवनाई.तहीश्रीस्वयंभूकास्थानमा.वसुपुर.अग्निपुर.वायुपुर.नागपु,यठुलोचैत्ययथाविधिसितवनाई.तहीश्रीस्वयंभूकास्थानमा.वस्पुर.अग्निपुर.वायुपुर.नागपु,0.012820512987673283
NA,data/oldNepali/processed/images/DNA_0001_0367/eSc_line_940decf3.png,रसितभन्याकाकुराउनलेमसितषसोषासवञानगर्या.कल्कत्ताकापुलि,रसितभन्याकाकुराउनलेमसितषसोषासवञानगर्या.कल्कत्ताकापुलि,0.0
NA,data/oldNepali/processed/images/CA__The Cambridge Manuscript_Page_008/eSc_line_77457abb.png,मदेवराजापठायार.गुणकामदेवराजाले.गुरूकाआज्ञामानी.नागदहमादूर्वाकुंदपुष्पकासाथकुदी.कर्कोटक,मदेवराजापठायार.गुणकामदेवराजाले.गुरूकाआतामानी.नागदहमादर्वाकुंदपुष्यकासाथकुदी.कर्कोउक,0.06976744532585144
NA,data/oldNepali/processed/images/DNA_0013_0472/eSc_line_f75574c1.png,रथव्रह्मचारिर.श्रीकृश्णअधिकारिकाविर्ताकोषोल्सिज्योगिषोलाकोदोभन्रैकरषेतलुहुकिल्.उत्तर.रैकरषेत,रथव्रहावारिदश्रीकृष्मअधिकारिकाविर्ताकोषोल्सिज्योगिषोलाकोभान्दोकाटषेतलुहुकिल्उतदरेवारैदा,0.260869562625885
NA,data/oldNepali/processed/images/CA__The Cambridge Manuscript_Page_007/eSc_line_1c29aaaa.png,शांतिपुरहीजोगध्यानगरीवस्दाभया॥॥ताहापछि.एकसमयमा.वारानसीनगरमाविक्रमशीलनाविहारका,शांतिपुरहीजोमध्यानगरीवसदाभया॥॥ताहापछि.एकसमयमा.वारानसीनगरमाविक्रमशीलनाविहारका,0.025974025949835777
NA,data/oldNepali/processed/images/DNA_0012_0006/eSc_line_82e3b48a.png,दिइजहारदियारमेरागुरुमोहनदासले.मलाईमहन्त्याञीदिदा.मैलेरुपै,दिइतहारदियार.मेरागुरुमोहनदासले.मलाईमहन्त्याञीदिदा.मैलेरुपै,0.035087719559669495
NA,data/oldNepali/processed/images/DNA_2_00000051_result/eSc_line_8789ba18.png,लंगिकोरभरतपुरकोपुसमालाडाईभयेछफिलंगिकोपल्ट,लंगिकोरभरतपुरकोपुसमालाडाईभयेछफिलंगिकोपल्ट,0.0
NA,data/oldNepali/processed/images/DNA_0012_0638/eSc_line_58b8c0ad.png,यिनाम्,यिनाम्,0.0
NA,data/oldNepali/processed/images/DNA_2_00000126_result/eSc_line_a5a157a4.png,हाअल्मोडादाषल्हुन्याछःशुभम्,हाअल्मोडादाषल्हुन्याछःशुभम्,0.0
NA,data/oldNepali/processed/images/DNA_2_00000264_result/eSc_line_81b4f937.png,त्रीदारिसोमुलाकातकियाषैषवरपुछाआवोरसाहेवमजकुरनेहजु,त्रीदारिसोमुलाकातकियापैषवरपुछाआवोरसाहेवमजकुरनेहजु,0.020408162847161293
NA,data/oldNepali/processed/images/CA__The Cambridge Manuscript_Page_009/eSc_line_deb53bf2.png,गुरूः,गुरूः,0.0
NA,data/oldNepali/processed/images/DNA_0015_0290/eSc_line_bf6b5b78.png,येस्वंदेजमा.जोरहैनौ.अपसरियाहौला.इतिसम्वत्१८९८सालमितिमाघवदि९रो,येस्वदेजमाजोरहैनौअपसरियाहौला.इतिसम्वत्1898सालमितिमाषवादि99सो,0.19672131538391113
NA,data/oldNepali/processed/images/DNA_0012_0638/eSc_line_93010f34.png,ई.र.तेराछोराछोरीसमेतकन.गुलामीकापदवीकोनाउ.छोडाई.पा,ई.तेराछोराछोरीसमेतकन.गुलामीकापदवीकोनाउ.छोडाईया,0.08163265138864517
NA,data/oldNepali/processed/images/DNA_2_00000051_result/eSc_line_609f60bb.png,पहरूपनि४।५जनाषेत्रह्याछन्हासिसाहेपलाईकसैलेः,पहरूपनि4।5जनाषेत्रह्माछन्हाँसिसाहेपलाइकसैलेः,0.11627907305955887
NA,data/oldNepali/processed/images/DNA_2_00000030_result/eSc_line_aee09b48.png,राविंतिगर्न्याहोभनिविंतीगर्याकोहोसरअप्रमाफ्भयाजाला.अर्जि,राविंतिगर्न्याहोभनिविंतीगर्याकोहोसपूरमाफभयाजाला.अर्जि,0.0714285746216774
NA,data/oldNepali/processed/images/DNA_0011_0647/eSc_line_97249e9c.png,रभारादारलाईदीयावमोजीम्सर्सलामीनजरनजरानादैदस्तुरदाषीलग,रभारादारलाईदीवावमोजीभ्सर्सलामीनजरनजरानादैदस्तुरदाषीलग,0.03773584961891174
NA,data/oldNepali/processed/images/DNA_1_00000116/eSc_line_ba11c3ad.png,ऊप्रान्त.ग्रहणमा२नुहावनजाँदा.कहलुर्याराजाले.मछेउभन्याकोस्माचार.रणजीतसिं,र्धप्रान्त.ग्रहणमा3नुहावनजाँदा.कहलुर्याराजाले.मछेऊभन्याकोस्माचार.रणजीतसिं,0.07042253762483597
NA,data/oldNepali/processed/images/18/eSc_line_d55dc1df.png,प्तसितधनसवैगाडीराषेछ.ति.धन४खण्डमा१खण्डतिमिलाईराषी.वाकी.सवैनदीमाप्रवा,प्तसितधनसवैगाडीराषेछ.ति.धन4खण्डमाचिखण्डतिमिलाईराषी.वाकी.सवैनदीमाप्रवा,0.04411764815449715
NA,data/oldNepali/processed/images/DNA_0013_0160/eSc_line_a9447a41.png,परदत्ताम्वायोहरेद्वैवसुंधराम्षष्टिवर्षसहश्राणिविष्टायांजाएतेक्रिमिः॥इतिसंवत्१८८५सालमितिचैत्रवदि६रोज५शुभम्,परदत्ताम्वायोहेद्वैवसुंथराम्पश्टिवर्षसहाणिविधायांजाएतेक्षिमि2।6तिसम्वत्185सालमितिवैत्रवदि6रोजाथशुभम्,0.22857142984867096
NA,data/oldNepali/processed/images/DNA_0003_0551/eSc_line_e0149042.png,खुदबादशाहकेपासगएऔरउनकोबहुतसमझायाउसवक्त,खुदबादशाहकेपासगएऔरउनकोबहुतसमझायाउसवक्,0.02631578966975212
NA,data/oldNepali/processed/images/CA__The Cambridge Manuscript_Page_002/eSc_line_bf6e00a2.png,क्लका.पूर्णिमाकादिन.दर्शनगरी.श्रीगुह्येश्वरीप्रकाशगरी.श्रीगुह्येश्वरीकापनि.विश्वरूपदर्शन.शुक्लादिमा,क्रका.पूर्णिमाकादिन.दर्शनगरी.श्रीगुह्येश्वरीप्रकाशगरी.श्रीगुह्येश्वरीकापनि.विश्वरूपदर्शन.शुक्तादिमा,0.020202020183205605
NA,data/oldNepali/processed/images/DNA_0010_0668/eSc_line_97b051c5.png,स्वस्तिश्रीमन्महाराजाधिराजकस्यरूक्का,स्वस्तिश्रीमन्महाराजाविशमकस्यरुक्का,0.1388888955116272
NA,data/oldNepali/processed/images/12/eSc_line_eec3e30b.png,ट.किरांतीआई.सुप्रभानामनगरमावसी.ईनेपालमण्डलभरकाराजाभैरहदाएकहजार१०००वर्षपछि.शंकु-,ट.किरातीआई.सुप्रभानामनगरमावसी.ईनेपालमण्डलभरकाराजाभैरहदाराजहज्जार100वर्षपछि.शंकु-,0.1265822798013687
NA,data/oldNepali/processed/images/DNA_0013_0427/eSc_line_719e77fe.png,हवहादूरसम्सेरजङ्ग्देवानांसदासमरविजयिनाः,हवहादूरसम्सेरजङ्गदेवानांसदासमरविजयिनाः,0.025641025975346565
NA,data/oldNepali/processed/images/DNA_1_00000631/eSc_line_1ce09d00.png,सुनियोभन्याउसदिनदेषितपाँइलाइमिलैन,सुनियोभन्याउसदिनदेषितपाँइलाइमिलैन,0.0
NA,data/oldNepali/processed/images/20/eSc_line_df54c379.png,हलेगरूडवोकी.ताहावाट.सिंहलेउडीगै.तेस्पर्वतमापुग्नगया.ताहापुग्दा.हरिहरिवाहनलोकेश्वरभ-,हलेगरूडवोकी.ताहावाट.सिंहलेउडीगै.तेस्पर्वतमापुग्नगया.ताहापुग्दा.हरिहरिवाहनलोकेश्वरभा,0.012048192322254181
NA,data/oldNepali/processed/images/DNA_0014_0296 zuschn/eSc_line_c121726e.png,इउँ.हाम्रामुलुक्भरिका.उमरा.द्वार्या.अमालिदार.सभैले.माझिकु,इउँ.हाम्रामुलक्भरिका.उंमरा.द्वार्या.अमालिदार.सभैले.माझिकु,0.035087719559669495
NA,data/oldNepali/processed/images/DNA_2_00000394_result/eSc_line_eb9f7245.png,नी.जाहरभयोहो.साल७९मा.ईरान्कावादशाहको.वेरादर,नी.जाहरभयोहो.साल79मा.ईरान्कावादशाहको.वेरादर,0.04651162773370743
NA,data/oldNepali/processed/images/DNA_2_00000293_result/eSc_line_ab3313f4.png,मेरीबिगडगईहै।१०महीनेसे,मेरीबिगडगईहै।10महीनसे,0.13636364042758942
NA,data/oldNepali/processed/images/DNA_0012_0638/eSc_line_fbf558b7.png,स्वस्तिश्रीगिरिराज,स्वस्तिश्रीगिरिराज,0.0
NA,data/oldNepali/processed/images/CA__The Cambridge Manuscript_Page_010/eSc_line_287fd7c6.png,रह्याकोरहेछ.दर्वारकाढोकापनिवंधैछ.यस्तोहेरीसिंहललेदर्वारमाचढीगै.ईश्वरलोकेश्वरकामंत्रस्मरणा,रह्याकोरहेछ.दर्वारकाढोकापनिवंधैछ.यस्तोहेरीसिंहललेदर्वारमाचर्ढीगै.ईश्वरलोकेश्वरकामंत्रस्मरण,0.033707864582538605
NA,data/oldNepali/processed/images/15/eSc_line_c30b4e79.png,उ,3,1.0
NA,data/oldNepali/processed/images/DNA_1_00000054/eSc_line_2c7c044b.png,रिलायक्कापक्रियाभन्न्याठहरि.सेवक्काचित्तमावहुत्हर्षलागिरहेछ.अ,रिलायक्कापक्रियाभन्याठहरि.सेवक्काचित्तमावहुत्हर्षलागिरहेछ.अ,0.032786883413791656
NA,data/oldNepali/processed/images/DNA_1_00000285/eSc_line_7435e6b4.png,पूर्वकअर्जीपत्रम्।अत्रकुशलं।तत्रश्रीमतांकुशलं,फूर्वकअर्जीपत्रम्।अत्रकुशलं।तत्रश्रीमतांकुशलं,0.02222222276031971
NA,data/oldNepali/processed/images/18/eSc_line_5792d054.png,हीतपगर्दा.भक्तिवशगतीर्थले३४वर्षसम्मतलाइ.इन्द्रकाशतांशद्रव्यदिञाँभनिवरदानदियार.त्यो.,हीतपगर्दा.भक्तिवशगतीर्थले34वर्षसम्मतलाइ.इन्द्रकाशताशद्रव्यदिञाँभनेवरदानदियार.त्यो.,0.048192769289016724
NA,data/oldNepali/processed/images/DNA_0014_0242/eSc_line_b771d64f.png,नरनारायेणेत्यादिवि,नरनारायणेसादिवि,0.2222222238779068
NA,data/oldNepali/processed/images/CA__The Cambridge Manuscript_Page_009/eSc_line_be8a1544.png,मिमागया.आर्यावलोकितेश्वरलेआज्ञाभयावमोजीम्.ताहावसीरह्याकोघोडाजो.वालाहनाम.अश्वराजलाई,मिमागया.आर्यावलोकितेश्वरलेआज्ञाभयावमोजीम्.ताहावसीरह्याकोघोडाजो.वालाहनाम.अश्वराजलाई,0.0
NA,data/oldNepali/processed/images/DNA_0015_0290/eSc_line_36f038fe.png,आयेनभनि.कपतान्मोहनवीरसाहीलेहाम्राहजुरमाविंतिपार्दा.जाहेरभयो.सालवसा,आयेनभनि.कपतान्मोहनवीरसाहीलेहाम्राहजुरमाविंतिपार्दा.जाहेरभयो.सालवसा,0.0
NA,data/oldNepali/processed/images/DNA_1_00000321/eSc_line_97209a71.png,अर्जि,अर्ज,0.20000000298023224
NA,data/oldNepali/processed/images/DNA_0012_0007/eSc_line_0ced2595.png,षीदीँदा.घरायस्मामील्यावमोजीमकोवेहोरास्मेत्हाली.नीजरुपलाल,षीदीँदा.घरायस्मामीन्यावमोजीमकोवेहोरास्मेत्हाली.नीजरुपलाल,0.01785714365541935
NA,data/oldNepali/processed/images/DNA_1_00000026/eSc_line_8e2a24c5.png,रोगाराउत्माहुत्हरूलेधेरैमिहिनेत्गर्दा.हैदरवेग्लेपक्र्यो.पाल्पाहातिसारकोनांज्या,रोगाराउत्माहुत्हरूलेधेरैमिहिनेत्गर्दाहैदरवेग्लेपक्र्यो.याल्पाहातिसारकोनांज्या,0.025641025975346565
NA,data/oldNepali/processed/images/15/eSc_line_b3197114.png,देशदीपठाउदा.त्योविरूपाक्षकामनमाअप्रतीतभै.आफ्नुजिउकाडरले.एकभिक्षुकाशरणगयोर.भिक्षुले.,देशदीपठाउदा.त्योविरूपाक्षकामनमाअप्रतीतभै.आफ्नजिडकाडरले.एकभिक्षुकाशरणगयोर.भिक्षुले,0.03614457696676254
NA,data/oldNepali/processed/images/CA__The Cambridge Manuscript_Page_010/eSc_line_274320a0.png,रीआयाकाहुनाले.सिंहलसार्थवाह१जनाआनन्दैसंगआफ्नाघरमापुक्नुआया.ताहापछि.सिंहललेराष्याकी,रीआयाकाहुनाले.सिंहलसार्थवाह1जनाआनन्दैसंगआफ्नाघरमापुकनुआया.ताहापछि.सिंहललेराष्याकी,0.024390242993831635
NA,data/oldNepali/processed/images/DNA_0013_0160/eSc_line_2fd71146.png,गैर्हमसालाकेआनाऽ/दारुवाकेआनाऽ।।ज्मापैसाआना।//।।०केमहिना१कारुपैया१२///ताकेवर्ष१केचाहिन्याज्मापैसारुपैया,गौहमसालाकिआनाऐदारूषाकोआनाऊ।ज्मापैसाआना1।1केमहिना1कारुपैयापर90ताकोवर्षवकिचाहिन्याज्मापैसारुपैया,0.2450980395078659
NA,data/oldNepali/processed/images/DNA_0001_0177/eSc_line_6c1d8a6a.png,इफुर्सतछैनभनिदर्वार.गर्दैनन्.आजकालपुर्वपच्छिमतिरकोगडवडहुनाले.कामलेफुर्सत्,छ.फुर्सतछैनभनिदर्वार.गर्दैनन्.आजकालपुर्वपन्छिन्तिरकोगडवहुनाले.काम्लेफुर्सत्,0.09589041024446487
NA,data/oldNepali/processed/images/DNA_1_00000026/eSc_line_e645e303.png,अर्जि,अर्जि,0.0
NA,data/oldNepali/processed/images/DNA_1_00000137/eSc_line_83825be5.png,मालघटिभरहातिथामि.रंजितसिंलेलाठलाईदेषाया.लाठलेदेष्यार,मालघटिभरहातिथामि.रंजितसिंलेलाठलाईदेषाया.लाठलेदेष्यार,0.0
NA,data/oldNepali/processed/images/13/eSc_line_e54210f0.png,दत्तकन.योनेपालपुरिकामहिमाकनवताया.हेमहाराजधर्म्मदत्त.इनेपालकस्तोछभन्या.वडोप्रत्यक्षपुरि,दत्तकन.योनेपालपुरिकामहिमाकनवताया.हेमहाराजधर्म्मदत्त.इनेपालकत्तोछभन्या.वडोप्रत्यक्षपुरि,0.011627906933426857
NA,data/oldNepali/processed/images/DNA_2_00000126_result/eSc_line_4501827e.png,पाकागजमालेषिआयाकोरहेछ.औ.त्रियेल्साहेवकावदलिमातो,पाकागजमालेषेआयाकोरहेछ.औ.त्रियेल्साहेवकावदलिमातौ,0.042553190141916275
NA,data/oldNepali/processed/images/DNA_2_00000293_result/eSc_line_48a422c4.png,श्रयलियाहै।चाहिये।के,श्रपलियाहै।चाहिये।के,0.05000000074505806
NA,data/oldNepali/processed/images/DNA_0001_0167/eSc_line_386a9152.png,वाटउत्रन्यावितिकैपल्टन्लेसलामिदियोकिल्लावाट२१फैर्तोपकोसलामिभयोकल्कत्तैवाट,वाटउजन्यावितिकैपल्टन्लेसलामिदियोकिल्लावाट21फैर्तोपकोसलामिभयोकल्कत्तैवाट,0.06849315017461777
NA,data/oldNepali/processed/images/14/eSc_line_68592592.png,उमेश्वर.पशुपतिज्योतिलिंगरूपभै.त्रिरत्नकाउपास्गरीलोकहरूकन.पालनागरी.पूजाभावली.लोकलाईभु,उमेश्वर.पशुपतिज्योतिलिंगरूपभै.त्रिरत्तकाउपास्गरीलोकहरूकन.पालनागरी.पूजाभावली.लोकलाईभु,0.011904762126505375
NA,data/oldNepali/processed/images/DNA_2_00000115_result/eSc_line_69fed9b0.png,स्वस्तिश्रीसर्वोपमायोग्येत्यादिसकलगुणगरिष्ठराजभारोद्धारणसामर्थश्री,स्वस्तिश्रीसर्वोपमायोग्येत्यादिसकलगुणगरिष्ठराजाभारोद्धारणसामर्थश्री,0.01515151560306549
NA,data/oldNepali/processed/images/DNA_1_00000054/eSc_line_5aef0a3c.png,अर्जि,अर्जि,0.0
NA,data/oldNepali/processed/images/DNA_1_00000321/eSc_line_f3eff00e.png,पाउकैछ.भौतिविंतिक्यागरूवारम्वारसिक्ष्याअर्तिव,पाउकैद.भौतिविंतिक्यागरुवारम्वारसिद्ध्याअर्तिव,0.08888889104127884
NA,data/oldNepali/processed/images/DNA_2_00000327_result/eSc_line_f5706f3a.png,गे.ञाहाँकोसमाचारभलोछउप्रान्त.आषाढवदि१२रोज३कोताँहावाटरवानाभयाकोपत्रश्रावण,गो.ञाहाँकोसमाचारभलोछउप्यान्.आषाढेवदि12रोजउकोतहावाट3वानाभयोकोपछश्रावण,0.1944444477558136
NA,data/oldNepali/processed/images/DNA_2_00000110_result/eSc_line_a4eecd02.png,शुभम्,शुभम्,0.0
NA,data/oldNepali/processed/images/CA__The Cambridge Manuscript_Page_006/eSc_line_d9709d8b.png,कपूरमागया.तवजनकराजाले.त्योसुधन्वाराजालाईकेहीकारणमामारीदियार.आफ्नाभाईकुशध्वज,कपूरमागया.तवजनकराजाले.त्योसुधन्वाराजालाईकेहीकारणमामारीदियार.आफ्नाभाईकुशध्वज,0.0
NA,data/oldNepali/processed/images/DNA_0013_0165/eSc_line_45c314ef.png,झोडाडोसाधलुहुकिलपश्चिमवाटोसाधलुहुकिलउत्तर्रैकरषेतकोआलीसाधलुहुकिल.येतीकिल्लाभित्रकोवाझोवगर,झोडाडोसाधलुहुकिलपश्चिमवाटोसाधलुहुकिलउत्तरैकरषेतकोआलीसाथलुहुकिल.येतीकिह्याभित्रेकावाझोवगर,0.07865168899297714
NA,data/oldNepali/processed/images/DNA_015_033___1/eSc_line_24dd1d0a.png,रजङ्गदेवानांसदासमरविजयीनाम्,रजङ्गदेवानांसदासमरविजयीनाम्,0.0
NA,data/oldNepali/processed/images/DNA_1_00000410/eSc_line_bf3d8ac4.png,तहोतीथी।इस्मेबन्देकीदिलजमैरहेतीथी।कार,तहोतीथी।इस्मेबन्देकीदिलजमैरहेतीथी।कार,0.0
NA,data/oldNepali/processed/images/CA__The Cambridge Manuscript_Page_008/eSc_line_4ca51d5f.png,न्या.हेपण्डितजी.आजक्या.अवेरपनिभयो.भोलिवताउँला.आजमेराघरमावास्गर्नजाँउँभनिवुझाईल्याई,न्या.हेपण्डितजी.आजक्या.अवेरपनिभयो.भोलिवताउँला.आजमेराषरमावास्गर्नजाँउंभनिवुझाई.ल्याई,0.03658536449074745
NA,data/oldNepali/processed/images/DNA_0001_0006/eSc_line_750e5461.png,सूर्यसिद्धान्तलीलावतीवीजगणितमुहूर्त्तचिन्तामणि.कर्णकुतूहल.मकरंद.ग्रहलाघ,सूर्यसिद्धान्तलीनावतीचीजगणितमुदूर्त्तचिन्तामणि.कर्गकुत्हलभकरंद.ग्रहलाघ,0.09859155118465424
NA,data/oldNepali/processed/images/12/eSc_line_523ebf30.png,परयुगका१६हजारवर्षवाकिमा.नेपालपश्चिमदिशामादेवतालेवनाईराष्याकासुप्रभानामनगरमा.पूर्वदिशावा,परयुगका16हजारवर्षवाकिमा.नेपालपश्चिमदिनशामादेवतालेवनाईराष्याकासुप्रभानामनगरमा.पूर्वदिशावा,0.03448275849223137
NA,data/oldNepali/processed/images/DNA_0013_0382/eSc_line_3a46244d.png,वोकायाअमालिकम्पनीछेउभनीविराउमाफिककोसासनागराउ,वोकायाअमालिकम्पनीछेउभनीविराऊमाफिककोसासमागराड,0.06818182021379471
NA,data/oldNepali/processed/images/CA__The Cambridge Manuscript_Page_008/eSc_line_48d9c442.png,रणगै.उन्काउपदेशमुखद्वारले.नवनागसाधनागरीस्वयंभूकापूजाभावगरी.सुवृष्टिगराया॥नवनागसा,रणगै.उन्काउपदेशमुखद्वारले.नवनागसाधनागरीस्वयंभूकापूजाभावगरी.सवृष्टिगराया॥तवनागसा,0.02500000037252903
NA,data/oldNepali/processed/images/DNA_1_00000285/eSc_line_02f4bb0c.png,या।झूठसत्यकाबातईश्वरजाने।जानअजान,या।झसत्यकाबातईश्वरजाने।जानअजान,0.0625
NA,data/oldNepali/processed/images/DNA_0012_0519/eSc_line_325650ec.png,णवाटगराउनुऔविरावमाफिककाषतमाडंडसा.,णवाटगराउनुऔविरावमाफिककाषतमाडंडसा.,0.0
NA,data/oldNepali/processed/images/DNA_0012_0007/eSc_line_46ae53a2.png,सिदासकोचेला.रामदास्लाइदीनु.आफुलेनपाउन्यामहन्त्याञी.मपाउन्या,सिदासकोचेला.रामदास्लाइदीनु.आफुलेनपाउन्यामहन्त्याञी.मपाउन्या,0.0
NA,data/oldNepali/processed/images/DNA_0014_0242/eSc_line_3154d7a8.png,वलाग्नुहोला.थरघरआउंज्यासम्मताहिराजगर्नुहो,वलाग्नुहोला.थरघरआउंज्यासम्मताहिराजगर्नुहो,0.0
NA,data/oldNepali/processed/images/DNA_0013_0333/eSc_line_9611be4b.png,चलाई.हाम्रोजयमनाई.विर्त्ताजानि.संतानदरसंतानपर्यंतपरमसुषभोग्यगर.योविर्त्ता,चलाई.हाम्रोजयमनाई.विर्त्ताजानि.संतानदरसंतानपर्यंतपरमसुषभोग्यगर.योविर्त्ता,0.0
NA,data/oldNepali/processed/images/CA__The Cambridge Manuscript_Page_021/eSc_line_908910e8.png,२१,21,1.0
NA,data/oldNepali/processed/images/DNA_1_00000496/eSc_line_9ce5e8b2.png,पत्रवाटपैलेकोवेहोराजाहेरभयाकैहोला.हालकोवेहोरामैञावाटनेपाल.म.,पत्रवाटपैलेकोवेहोराजाहेरभयाकैहाला.हालकोवेहारामैञावाटनेपाल.म.,0.03333333507180214
NA,data/oldNepali/processed/images/13/eSc_line_cb9659e4.png,थिवीजोछन्.सोवीथिका.तस्कारण.सवजंतुकाआलयहुनाले.लिंगभनिनामप्रकाशहुंछन्.तस्कारण.,थिवीजोछन्.सोवीथिका.तस्कारण.सवजंतुकाआलयहुनाले.लिंगभनिनामप्रकाशहुंछन्.तस्कारण.,0.0
NA,data/oldNepali/processed/images/DNA_1_00000054/eSc_line_da51d5ac.png,दकोमूल्षमारि.येसैहातिलेपावलाभन्न्याचित्तमालागिरहेछ.पछि.कसोठहर्छ.,दकोमूल्षमारि.येसैहातिलेपावलाभन्न्याचित्तमालागिरहेछ.पछि.कसोठहर्छ.,0.0
NA,data/oldNepali/processed/images/DNA_1_00000410/eSc_line_4ced8a3a.png,१,2,1.0
NA,data/oldNepali/processed/images/16/eSc_line_7d4d8d27.png,त.उन्पंचवुद्धात्मकचैत्याकारभैरह्याका.पशुपतिजीलाई.वडोभावपूजागर्यो.पूजागरीसक्यापछि.आफु.,त.उन्पंचवुद्धात्मकचैत्याकारभैरह्याका.पशुपतिजीलाई.वडोभावपूजागर्यो.पूजागरीसक्यापछि.आफु.,0.0
NA,data/oldNepali/processed/images/DNA_0013_0160/eSc_line_150f998d.png,श्रीदुर्गासहाये\,श्रीदुर्गासहाये\,0.0
NA,data/oldNepali/processed/images/DNA_1_00000285/eSc_line_e8a777cc.png,केचरणोमेंगुजरीहोगी।बादमुलाहेजेअर्जी,केचरणमेगुजरीहोगीबादमुलाहेजेछार्जी,0.1428571492433548
NA,data/oldNepali/processed/images/DNA_0013_0522/eSc_line_82f379a0.png,हान्याअनिरुद्रभडेल्नुवाकोटकाद्वार्याकोमानिस्हरदलथापाथरीकान्तुपाध्याविश्वनाथपाध्याषनालः,हान्याअनिरुदुभडैलनुवाकोटकाघार्याकोमानिस्हरदलथापाथरीकान्तुपाध्याविश्वनाथपाध्याषनाल्.,0.10465116053819656
NA,data/oldNepali/processed/images/DNA_0014_0242/eSc_line_ba65482c.png,कोदवाउभयोरमंसिरकादिन६जाँदो.सोमवारविहा,कोदवाउभयोरमंसिरकादिन6जादो.सोमवारविहा,0.054054055362939835
NA,data/oldNepali/processed/images/DNA_0001_0177/eSc_line_c5a460af.png,नपाइदर्वार.वन्दगर्याकोहोलाभन्याजस्तोलाग्छपायाकोषवरविन्तिचह्राइपठायाकोछइतिसम्व,नपाइदर्वार.वन्दगर्याकोहोलाभन्याजस्तोलापछपायाकोषविन्तिचह्राइपठायाकोछइतिसम्व,0.051948051899671555
NA,data/oldNepali/processed/images/18/eSc_line_187b369b.png,भैआई.जाहादैत्यपत्नीलेतपस्यागरीरह्याका.वाग्मतीमा.मिल्नआइन्र.दैत्यपत्नीकाजयपदप्राप्तिभयो,भैआई.जाहादैत्यपत्नीलेतपस्यागरीरह्याका.वाग्मतीमा.मिल्नआईन्र.दैत्यपत्नीकाजयदप्राप्तिभयो,0.023255813866853714
NA,data/oldNepali/processed/images/DNA_0001_0368/eSc_line_9667098b.png,केहिवन्दोवस्तगर्न्याभयादेषिगरभन्थ्या.हाम्रातपुस्तानपुस्तादेषि१,केहिवन्दोवस्तगर्न्याभयादेषिगरभन्थ्या.हाम्रातपुस्तानपुस्तादेषि1,0.016129031777381897
NA,data/oldNepali/processed/images/DNA_0014_0135/eSc_line_5e12cb92.png,श्रीदुर्गाज्यू\,श्रीदुर्गाज्यू\,0.0
NA,data/oldNepali/processed/images/CA__The Cambridge Manuscript_Page_009/eSc_line_de245ab0.png,होला.उस्घोराकनप्रणामगरीचढी.समुद्रपारजाई.आफ्नादेशमाजाउ.परंतुफर्कीनहेर.भनियतिआज्ञागरी.अंत.,होला.उस्योराकनप्रणमगरीचढी.समुद्रपारजाई.आफ्नादेशमाजाउ.परंनुफर्कीनहेर.भनियतिआज्ञागरी.अंत,0.04545454680919647
NA,data/oldNepali/processed/images/DNA_0014_0296 zuschn/eSc_line_da38e5e0.png,तापसिंहसाहवहादूर्सम्सेर्जङ्देवानाम्सदासमरविजयिनाम्,तापसिंहसाहवहादूर्सम्सेर्जङ्देवानाम्सदासमरविजयिनाम्,0.0
NA,data/oldNepali/processed/images/DNA_0001_0167/eSc_line_a8bff07e.png,वाटउत्रदाहुदिनवावगवर्नरकाघर्देषिचानपालघाटसम्मगोराकोपल्टनषडाथियोजहाज,वाटउत्रदाहुदिनवावगवर्नरकाघदेषिचानपालघाटसम्गोराकोपल्टन्पठाथियोनहाज,0.10447761416435242
NA,data/oldNepali/processed/images/DNA_2_00000293_result/eSc_line_77744502.png,केचरणमेरीसहायकरेँ।वन्दा,केचरणमेरीसहायकरेँ।बन्दा,0.043478261679410934
NA,data/oldNepali/processed/images/DNA_1_00000356/eSc_line_36727847.png,उप्रान्त.सल्ल्यानकादसैकोप्रसादअघिचर्हाईपठायाकोपु,उप्रान्त.सल्ल्यानकादसैकोप्रसादअघिचर्हाईपठायाकोपु,0.0
NA,data/oldNepali/processed/images/DNA_0013_0522/eSc_line_79b53c5c.png,महन्तनन्दुपाध्यासापकोटाश्रीनीवासपाध्याअचार्जवटैकृष्नगेलालसर्वानन्दअधिकारिजयेनारायनगै,महन्तन्दपाध्यासापकोटाश्रीवासपाध्याअचार्जवटैकृष्नगेलालसर्वानन्दअधिकारिजयेनारायनगै,0.0476190485060215
NA,data/oldNepali/processed/images/DNA_0014_0296/eSc_line_666b25f6.png,श्रीगोसाइभगवंतनाथ.,श्रीगोसाइभगवंतनाथ,0.0555555559694767
NA,data/oldNepali/processed/images/CA__The Cambridge Manuscript_Page_001/eSc_line_05d376b0.png,नभैगया॥॥तस्दिनदेषिन्.उस्पर्वतकोनाम.ध्यानोच्चभनिनामप्रष्यातभैगया॥औ.मेषसंक्रांतिका,नाभैगया॥॥तस्दिनदेषिन.उस्पर्वतकोनाम.ध्यानोच्चभनिनामप्रष्यातभैगया॥औ.मेषसंक्रांतिका,0.02500000037252903
NA,data/oldNepali/processed/images/DNA_0001_0167/eSc_line_16f0105b.png,गिजहाजवेलावषत्माकामचाहिएलाभनिकिल्लाकासामनेलंगरगरिराष्याकाछन्इतिसम्व,गिजहाजवेलावपत्साकामचाहिएलाभनिकिल्लाकासामनेलंगरिराष्याकाछन्इतिसम्व,0.05970149114727974
NA,data/oldNepali/processed/images/DNA_2_00000095_result/eSc_line_27679495.png,तैवढियागर्दारह्याछन्ञाहाकासाहेवा,रैवढियागर्दारह्माछन्ञाहाकासाहेवा,0.0625
NA,data/oldNepali/processed/images/DNA_0014_0242/eSc_line_c902c3bb.png,ङ्देवानाम्सदासमरविजयिनाम्.लि.स्वस्तिश्रीगि,ड्देवानाम्सदासमरविजयिनाम्.लि.स्वस्तिश्रीगि-,0.0476190485060215
NA,data/oldNepali/processed/images/DNA_0013_0165/eSc_line_bc305fdc.png,लासपाध्याअधिकारी.विरेश्वरपाध्याअधिकारी.हरिनंदपाध्याअधिकारी.कर्नवीरथापा.अकरध्वजथापा.कृश्नपतिजैसी,लामपाध्याअधिकारी.विरैश्वरपाध्याअधिकारी.फरिनंदपाध्याअधिकारी.कर्नवीरथापा.अकरध्वजथापा.कृश्मपनिजसे,0.0736842080950737
NA,data/oldNepali/processed/images/DNA_0003_0551/eSc_line_e4a3a6ac.png,बकिकोतवालउनकोधरपकडकर्नेलगेउसवक्ततमामहिन्दू,बकिकोतवालउनकोधरपकडकर्नेलगेउसवक्कतमामहिन्दू,0.02380952425301075
NA,data/oldNepali/processed/images/DNA_0013_0333/eSc_line_e5486e63.png,फालगुनवदि६रोज५शुभम्,फागुनवदि6रोज5शुभम्,0.15789473056793213
NA,data/oldNepali/processed/images/DNA_1_00000321/eSc_line_ce97bf2d.png,उप्रान्त.आषाडशुदि१५रोज६मालेषियाकोसिक्ष्याअर्ति,उप्रान्त.आषाउश्वुदि15रोज6मालेषिधको.सिघ्याअर्ति,0.260869562625885
NA,data/oldNepali/processed/images/DNA_1_00000410/eSc_line_4328edc4.png,होतारहे।इस्मेसाराकाम।मेरा।बषूबीइजराह।,होतारहे।इस्मे।साराकीम।मेरा।बषूबीइजराह।,0.054054055362939835
NA,data/oldNepali/processed/images/DNA_2_00000327_result/eSc_line_915a269a.png,१४कादिनचिठिएतावाटरवानागर्याकोहोपुगिदरियाफ्तभयोहोउँभोवाटइन्कोमानिस्फ्र्क्याकोका,14कादिनचिठिएतावाटरवानागर्योकोहोपुगिदरियाफ्नभयोहोलेभोवाटह्कामानिस्फर्क्याकोका,0.12820513546466827
NA,data/oldNepali/processed/images/DNA_2_00000115_result/eSc_line_72c759d3.png,ककोहकिगत्पनिदेष्यासुन्याकोषवरलेषतैगर्नुभनीआज्ञाभयाकोहो,ककोहकिगत्पनिदेष्यासुन्याकोषवरलेषतैगर्नुभनीआज्ञाभयाकोहो,0.0
NA,data/oldNepali/processed/images/CA__The Cambridge Manuscript_Page_003/eSc_line_126f33fa.png,भैगयो॥तसर्थमेषसंक्रांतिकादिन.क्रकुत्संदवुद्धकावाक्यलेप्रकाशभयेछर.वाग्द्वारभनिनामभयाका,भैगयो॥तसर्थमेषसंक्रांतिकादिन.क्रकुत्संदकावाक्यलेप्रकाशभयेछर.वाग्द्वारभनिनामभयाका,0.05882352963089943
NA,data/oldNepali/processed/images/DNA_2_00000394_result/eSc_line_efd83da7.png,ल्छ.भन्न्याकुरासुनाया.भन्न्यासुनियो.दिनन्.ञाँहाँकाव,ल्छ.भन्न्याकुरासुनाया.भन्न्यासुनियो.दिनन्.ञाहाकाच।,0.0784313753247261
NA,data/oldNepali/processed/images/DNA_1_00000410/eSc_line_6b022e00.png,श्रीश्रीश्रीकाजीसाहेब।रणजङ्गपाँडेजीकयोग्येषु।,श्रीश्रीश्रीकाजीसाहेब।णजङ्तपाँडेजीकयोग्येष।,0.06666667014360428
NA,data/oldNepali/processed/images/DNA_2_00000293_result/eSc_line_f29b7c88.png,केनमककेऊपरअपनेप्राणदेनेकीउम्मैदरषताहूँ।ज्यादाहाल।नारा,केनमककेअपरअपनेप्राणदेनेकीउम्मैदरषताहूँ।ज्यादाहाल।नारा,0.01886792480945587
NA,data/oldNepali/processed/images/DNA_0001_0367/eSc_line_2b0bb527.png,याकोतलासमापाइयो.षरिदगरिचह्राइपठायाकोछहजुर्मागुज्रला.ञाहा,याकोतलासमापाइयो.षरिदगरिचह्राइपठायाकोछहजुर्मागुझ्मला.ञाहा,0.0357142873108387
NA,data/oldNepali/processed/images/CA__The Cambridge Manuscript_Page_006/eSc_line_25444e73.png,ताहांवाटफर्कीजादा.गौडदेशमागै.ताहाकोराजाप्रचण्डदेववर्म्मन्ले.वुद्धप्राप्तभयोभनि.अनेकसत्का.,ताहांवाटफर्कीजादा.गौडदेशमागै.ताहाकोराजाप्रचण्डदेववर्म्मन्ले.वुद्धप्राप्तभयोभनि.अनेकसत्का.,0.0
NA,data/oldNepali/processed/images/DNA_0001_0368/eSc_line_902517f7.png,मन्सुवाथिएनकम्पनिकातर्फवाटषानषाअहदपैमानछोडिविग्रन्छौँभ,मन्सुवाथिएनकम्पनिकातर्फवाटषानषाअहदपैमानछोडिविग्रन्छौँभ,0.0
NA,data/oldNepali/processed/images/DNA_0003_0551/eSc_line_b8ee2796.png,याहोगाऔरआपकेवक्तमेमेरेकोदुसरेकेदरवजेसेअर्जक,याहोगाऔरआपकेवकमेमेरेकोदुसरेकेदरवजेसेअर्जक,0.04651162773370743
NA,data/oldNepali/processed/images/DNA_0013_0165/eSc_line_eaed9d15.png,मुलवाटोसाधलुहुकिलउत्तरसाघुहाल्याकोपहरोसाधलुहुकिल.दफेचिदुकोवाझोकाल्होजवा।.तस्कोसाधपुर्वछोर्पाडा,मुलवाटोसाधलुहुकिलउत्तरसाघुहाल्याकोपहरोसाधलुहुकिलदफेविदुकोवागोकाल्होजवा।.तस्कोसाधपुर्वकीर्याडा,0.06382978707551956
NA,data/oldNepali/processed/images/DNA_2_00000264_result/eSc_line_7a5b5d19.png,क्काहैसवहालईहांकाश्रीमुषियागंगादत्तपाध्याजिवोश्रीषरिदारजिवो,क्काहैसवहालईहांकाश्रीमुषियागंगादनपाध्याजिवोषीषरिदारजिवो,0.10169491171836853
NA,data/oldNepali/processed/images/DNA_2_00000293_result/eSc_line_95e67650.png,है।मैनेतोसारेजगतकोछोडकर्के,है।मैनेतोसारेजगतकोछोडकर्के।,0.03846153989434242
NA,data/oldNepali/processed/images/DNA_0012_0006/eSc_line_2b6c4e9e.png,४लेमहन्त्याञीकोकागजमलाइलेषीदिंदामैलेनीजगुरुकोकाजक्रीयास,4ले.महन्त्याञीकोकागजमलाइलेषीदिंदा.मैलेलीजगुरुकोकाजक्रीयास,0.072727270424366
NA,data/oldNepali/processed/images/DNA_2_00000110_result/eSc_line_0c36b432.png,अर्जि,अर्जि,0.0
NA,data/oldNepali/processed/images/DNA_1_00000356/eSc_line_539839cd.png,जुमलाकाकंपनिकोर.दसै,जुमलाकाकंपनिकोर.दसै,0.0
NA,data/oldNepali/processed/images/DNA_2_00000030_result/eSc_line_ad678d10.png,फिरंगीलाइदिगादिमावस्याछन्मुन्नाय्यान्भंन्यागादिमावस्तारा,फिरंगीलाइदिगादिमावस्याछन्मुन्ञाम्रान्भंन्यागादिमावस्तारा,0.0535714291036129
NA,data/oldNepali/processed/images/DNA_0015_0290/eSc_line_6cfd8919.png,टदुइदुइआनादामतहसिलगरिदिनुभंन्या.सालवसालीलालमोहरभयाको.तहसिलभै,टडइइइआनादामतहसिलगरिदिनुभंन्यासालवसालीलालमोहरभयाको.तहसिलभै,0.0833333358168602
NA,data/oldNepali/processed/images/15/eSc_line_a78442b1.png,कर्ममा.आफ्नामहतारीसंगभोगगर्नपर्न्याछभंन्या.जन्मपत्रिकामारहेछर१२वर्षभयादेषीन्.वैराग्यभैफिरेछर.मह,कर्ममा.आफ्नामहतारीसंगभोगगर्नपर्न्याछभंन्या.जन्मपत्रिकामारहेछर12वर्षभयादेषीन्.वैराग्यभैषिरेछर.मह,0.031578946858644485
NA,data/oldNepali/processed/images/18/eSc_line_11d7a782.png,राकोअर्कोपर्वतवाट.प्रभावतीनामगरी.त्योदैत्यपत्नीलाई.पुत्रीपैदागरीदियार.त्योप्रभावतीनदीरूप-,राक्षीअर्कोपर्वजवाट.प्रभावतीनामगरी.त्योदैत्यपत्रीलाई.पुत्रीपैदागरीदियार.त्योप्रभावंतीनदीरूप-,0.06741572916507721
NA,data/oldNepali/processed/images/DNA_0013_0333/eSc_line_5406d7a3.png,ल.एतिसिमानाभित्र.घड्यारिमुरि।४पाषाकोपानीषेतदिदाडेढोघटाई.षेतमुरि२।१३।२,ल.एतिसिमानाभित्र.घड्यारिमुरि।4पाष्याकोपानीषेतदिदाडेढोघटाई.षेतमुरि2।13।2,0.10144927352666855
NA,data/oldNepali/processed/images/CA__The Cambridge Manuscript_Page_009/eSc_line_d3faa0c0.png,राज्यगरीरहदा.तनैकासंतानमाढेरैकालगयापछि.सिंहकेतुनामराजाकासमयमा.सिंहलनाम१सार्थवाहव,राज्यगरीरहदा.तनैकासंतानमाढेरैकालगयापछि.सिंहकेतुनामराजाकासमयमा.सिंहलनाम1सार्थवाहव,0.012500000186264515
NA,data/oldNepali/processed/images/DNA_2_00000036_result/eSc_line_905971ae.png,र्राससाहवकौसल्मावस्यापछिषरिताजान्यैछविन्तिचह्राइपठाउलाइतिसम्व,र्राससाहवकीसल्मावस्यापछिषरिताजान्यैछविन्तिचह्राइपठाउलाइतिसम्व,0.016393441706895828
NA,data/oldNepali/processed/images/DNA_015_033___1/eSc_line_151a39d6.png,कोपरिआयाकोचंन्द्रायनचलाउनु.वर्ष१कोसावीकरुपैया१८७।।साल९७,कोपरिआयाकोचंन्द्रायनचलाउनु.वर्ष1कोसावीकरूपैया187॥साल7,0.16363635659217834
NA,data/oldNepali/processed/images/DNA_015_033___1/eSc_line_41ce8d00.png,स्वस्तिश्रीगिरिराजचक्रचूडामणिनरनारायणेत्यादिविविधविरुदावलीविराजमान,स्वस्तिश्रीगिरिराजचक्रचूडामेलिविसायणेत्यादिविधविरूदावलीविराजमान,0.1515151560306549
NA,data/oldNepali/processed/images/CA__The Cambridge Manuscript_Page_006/eSc_line_0a6869f1.png,यंभूक्षेत्रमाजाउ.ताहा.मंजुश्रीकोशिष्यगुणाकरनामभिक्षुछन्.तन्कोशरणमागै.उन्संगप्रव्र,यंभूक्षेत्रमाजाउ.ताहा.मंजश्रीकोशिष्यगुणाकरनामभिक्षुछन्.तन्कोशरणमागै.उन्संगप्रव्र,0.012345679104328156
NA,data/oldNepali/processed/images/DNA_1_00000523/eSc_line_348e7b35.png,कामिजाजमुवारक्कोषैरआफियत्सोध्याव,नामिजाजमुवारक्कोषैरआफियत्सोघाव,0.125
NA,data/oldNepali/processed/images/CA__The Cambridge Manuscript_Page_007/eSc_line_8ba22cbf.png,.काश्यप.,र्षे53थुभं,1.25
NA,data/oldNepali/processed/images/DNA_2_00000115_result/eSc_line_c3be261c.png,ला.सिरिफ्चरणकाभरोसामाछु.मेरोआफ्नुअर्कोकोइछैन.पश्चिं,ला.सिरिफचरणकाभरोसामाछु.मेरोआफ्नुअर्कोकोइछैन.पश्चि,0.03921568766236305
NA,data/oldNepali/processed/images/DNA_1_00000321/eSc_line_9c2c8ab8.png,अवप्रान्तपनि.म.पाउकैवालषहु.सर्वपछेकोआश्राँ,अवप्रान्तपनि.म.पाउकैवालषहु.सर्वपदेकोआश्राँ,0.02380952425301075
NA,data/oldNepali/processed/images/CA__The Cambridge Manuscript_Page_009/eSc_line_07e8ac70.png,या.ताहापछि.ताहावाटपनिदूरगै.समुद्रमापनिवडोकष्टलेगरी.सार्थवाहकाधर्मले.समुद्रपारजादा५०१रा,या.ताहापछि.ताहावाटपनिदूरगै.समुद्रमापनिवडोकष्लेगरी.सार्थवाहकाधर्मले.समुद्धपारजादा50भरा,0.058139536529779434
NA,data/oldNepali/processed/images/14/eSc_line_ce9c1e33.png,शोषणगर्दामंजुश्रीले.यस्क्षेत्रकामालीक.कर्कोटकनागराजहो.इन्लाईता.वाहीरपठाउनुछैन.यस्क्षेत्रमा-,शुष्मणगर्दामंजुश्रीले.यस्क्षेतकामालीक्.कर्कोटकनागराजहो.इन्लाईता.वाहीरपठाउचुछैन.यस्क्षेत्रमा-,0.07692307978868484
NA,data/oldNepali/processed/images/DNA_0012_0006/eSc_line_ba64ed3f.png,महुत्तरिवसहीयाकामहन्तकासिदासलेप्रतिवादीइजहारदियाकामुद्दामा,महुत्तरिवुसहीयाकामहन्तकासिदासले.प्रतिवादीइजहारदियाकामुद्दामा,0.03448275849223137
NA,data/oldNepali/processed/images/DNA_0001_0367/eSc_line_ec48b1d9.png,भनिठट्टागर्याझैगरि.कुरागर्या.भयाकोविस्तारमलाइलेषिआउदैछ,भनिठट्टागर्याझैगरि.कुरागर्या.भयाकोविस्तारमलाइलेषिआउदैछ,0.0
NA,data/oldNepali/processed/images/DNA_0012_0006/eSc_line_4e4c67dc.png,साछीराषी.अघीगुरुलेपनी.इनैकासिदासलाइदियाकोहोआजपनीहामी,साछीराषी.अघीगुरुलेपनी.इनैकासिदासलाइदियाकोहोआजपनीहामी,0.0
NA,data/oldNepali/processed/images/DNA_0013_0365/eSc_line_387b3f3f.png,प्रतिरंजीतगिरीलाईसंन्यासिमहंतमंडलीवक्स्याकोछआफ्,प्रतिरंजीतगिरीलाईसंन्यासिमहंतमंडलीवक्स्याकोछआफ,0.021276595070958138
NA,data/oldNepali/processed/images/DNA_0014_0242/eSc_line_13fef4eb.png,द्धसांतिभयापछिआफुहरुलाइचलावनथरघरभला,द्धसांतिभयापछिआफुहरूलाइचलावनथरघरभला,0.02857142873108387
NA,data/oldNepali/processed/images/DNA_1_00000137/eSc_line_c2ca0e52.png,हाति६चाँदिकाहौदासमेत्कार्चुपिझुल्.घोडाकोरथ१वएल्कोरथ१कार्चु,हाँति6चाँहिकाहौदाममेत्कार्चुपिझुन्.द्योडाकोरथ1वऐल्कोरछ.1काचु,0.2586206793785095
NA,data/oldNepali/processed/images/CA__The Cambridge Manuscript_Page_010/eSc_line_30fd7a74.png,गरि.गुठिइत्यादिजग्गाराषि.आफुअंतकालभैगय॥॥तस्पछि.इन्कासन्ताननहुनाले.राजाशुन्यभैगया॥॥,गरि.गुठिइत्यादिजग्गाराषि.आफ्नअंतकालभैगया॥॥तस्पछिइन्कासन्ताननहुनाले.राजाशुन्यभैगया॥॥,0.04878048598766327
NA,data/oldNepali/processed/images/DNA_2_00000126_result/eSc_line_716c331e.png,वा,ध्वा,1.0
NA,data/oldNepali/processed/images/DNA_1_00000404/eSc_line_a7bc77c8.png,देसावर्का,हेमावको,0.5555555820465088
